Entry Name,Scientific Name,Variety,Classification,Availability,Lowest Price RON,Highest Price RON
Xiphophorus maculatus sunset,Xiphophorus maculatus,sunset,XIPHO/PLATY/MOLLY,To Order,10.15,10.77
Xiphophorus helleri mixture lyra,Xiphophorus helleri,mixture lyra,XIPHO/PLATY/MOLLY,In Stock,16.90,16.90
Poecilia sphenops gold molly l.f.,Poecilia sphenops,gold molly l.f.,XIPHO/PLATY/MOLLY,In Stock,16.97,16.97
Xiphophorus mac bumble bee,Xiphophorus maculatus,bumble bee,XIPHO/PLATY/MOLLY,In Stock,15.50,15.50
Guppy Red Cap Koi Kohaku,Poecilia reticulata,Red Cap Koi Kohaku,GUPPY,In Stock,10.05,12.95
Poecilia endler red,Poecilia wingei,endler red,GUPPY,In Stock,13.31,13.31
Guppy mosaic,Poecilia reticulata,mosaic,GUPPY,To Order,10.35,11.98
Guppy tuxedo black,Poecilia reticulata,tuxedo black,GUPPY,To Order,10.95,13.96
Poecilia sphenops lyra molly,Poecilia sphenops,lyra molly,XIPHO/PLATY/MOLLY,In Stock,10.15,10.15
Xiphophorus maculatus red tiger,Xiphophorus maculatus,red tiger,XIPHO/PLATY/MOLLY,In Stock,10.70,10.70
Poecilia latipinna mix,Poecilia latipinna,mix,XIPHO/PLATY/MOLLY,In Stock,14.34,14.34
Xiphophorus maculatus white mickey mouse,Xiphophorus maculatus,white mickey mouse,XIPHO/PLATY/MOLLY,In Stock,11.89,11.89
Platy Mickey Mouse,Xiphophorus maculatus,Mickey Mouse,XIPHO/PLATY/MOLLY,To Order,10.15,10.35
Poecilia velifera orange neon sailfin molly,Poecilia velifera,orange neon sailfin molly,XIPHO/PLATY/MOLLY,To Order,29.95,29.95
Poecilia velifera assorted,Poecilia velifera,assorted,XIPHO/PLATY/MOLLY,To Order,39.95,39.95
Poecilia velifera sunset sailfin,Poecilia velifera,sunset sailfin,XIPHO/PLATY/MOLLY,To Order,26.95,26.95
Xiphophorus pygmaeus,Xiphophorus pygmaeus,Xiphophorus pygmaeus,XIPHO/PLATY/MOLLY,To Order,31.90,39.90
Xiphophorus helleri golden commet,Xiphophorus helleri,golden commet,XIPHO/PLATY/MOLLY,To Order,10.95,10.95
Xiphophorus maculatus blue,Xiphophorus maculatus,blue,XIPHO/PLATY/MOLLY,To Order,9.95,9.95
Poecilia ret. white tuxedo,Poecilia reticulata,white tuxedo,GUPPY,To Order,19.95,19.95
Poecilia ret. red tuxedo tricolor,Poecilia reticulata,red tuxedo tricolor,GUPPY,To Order,19.95,19.95
Xiphophorus helleri Grun albino,Xiphophorus helleri,Grun albino,XIPHO/PLATY/MOLLY,To Order,15.90,15.90
Xiphophorus helleri wien simpson,Xiphophorus helleri,wien simpson,XIPHO/PLATY/MOLLY,To Order,21.95,21.95
Xiphophorus helleri Wien Broccoli,Xiphophorus helleri,Wien Broccoli,XIPHO/PLATY/MOLLY,To Order,85.00,85.00
Guppy Poecilia ret. male red king cobra,Poecilia reticulata,male red king cobra,GUPPY,To Order,9.95,9.95
Guppy ret. platinum elephant ears,Poecilia reticulata,platinum elephant ears,GUPPY,To Order,10.95,10.95
Guppy Poecilia ret. male snakeskin mix,Poecilia reticulata,male snakeskin mix,GUPPY,To Order,12.00,12.00
Guppy Poecilia ret. dragon head,Poecilia reticulata,dragon head,GUPPY,To Order,9.95,9.95
Guppy Poecilia blue queen Mascul,Poecilia reticulata,blue queen Mascul,GUPPY,To Order,9.95,9.95
Guppy Poecilia ret. citrus yellow Mascul,Poecilia reticulata,citrus yellow Mascul,GUPPY,To Order,9.99,9.99
Xiphophorus maculatus apple,Xiphophorus maculatus,apple,XIPHO/PLATY/MOLLY,To Order,9.99,9.99
Xiphophorus helleri pineaple,Xiphophorus helleri,pineaple,XIPHO/PLATY/MOLLY,To Order,10.35,10.35
Poecilia ret. Moscow Green Mosaic,Poecilia reticulata,Moscow Green Mosaic,GUPPY,To Order,45.95,45.95
Poecilia ret. Albino Dumbo Ear Mosaic,Poecilia reticulata,Albino Dumbo Ear Mosaic,GUPPY,To Order,79.90,79.90
Poecilia tuxedo gold,Poecilia reticulata,tuxedo gold,GUPPY,To Order,34.00,34.00
Poecilia wingei black bar wf,Poecilia wingei,black bar wf,GUPPY,To Order,25.95,25.95
Poecilia wingei blonde green,Poecilia wingei,blonde green,GUPPY,To Order,21.95,21.95
Poecilia wingei campoma no. 25 Multicolor,Poecilia wingei,campoma no. 25 Multicolor,GUPPY,To Order,22.50,22.50
Poecilia wingei white peacock wf,Poecilia wingei,white peacock wf,GUPPY,To Order,29.90,29.90
Poecilia latipinna ballon molly gold,Poecilia latipinna,ballon molly gold,XIPHO/PLATY/MOLLY,To Order,12.45,12.45
Xiphophorus var tiger,Xiphophorus variatus,tiger,XIPHO/PLATY/MOLLY,To Order,10.99,10.99
Poecilia endler santa maria,Poecilia wingei,santa maria,GUPPY,To Order,36.74,36.74
Poecilia endler supercolor Mascul,Poecilia wingei,supercolor Mascul,GUPPY,To Order,12.50,12.50
Poecilia wingei campoma no.31 blue snake,Poecilia wingei,campoma no.31 blue snake,GUPPY,To Order,25.95,25.95
Poecilia wingei red gold tiger,Poecilia wingei,red gold tiger,GUPPY,To Order,29.90,29.90
Poecilia wingei campoma no.48 black green,Poecilia wingei,campoma no.48 black green,GUPPY,To Order,25.95,25.95
Poecilia wingei japan blue sword,Poecilia wingei,japan blue sword,GUPPY,To Order,29.90,29.90
Poecilia wingei campoma no. 47 Blue star,Poecilia wingei,campoma no. 47 Blue star,GUPPY,To Order,29.90,29.90
Poecilia wingei black bar lime rose,Poecilia wingei,black bar lime rose,GUPPY,To Order,29.90,29.90
Poecilia wingei red scarlett (Glasser),Poecilia wingei,red scarlett (Glasser),GUPPY,To Order,29.90,29.90
Poecilia wingei cumana rainbow,Poecilia wingei,cumana rainbow,GUPPY,To Order,44.55,44.55
Poecilia wingei japan blue long,Poecilia wingei,japan blue long,GUPPY,To Order,29.90,29.90
Guppy ret. red tuxedo KOI - red nose,Poecilia reticulata,red tuxedo KOI - red nose,GUPPY,To Order,39.90,39.90
Guppy ret. red lace,Poecilia reticulata,red lace,GUPPY,To Order,22.27,22.27
Guppy ret. platinum red mosaic big ear,Poecilia reticulata,platinum red mosaic big ear,GUPPY,To Order,29.90,29.90
Poecilia velifera black,Poecilia velifera,black,XIPHO/PLATY/MOLLY,To Order,22.12,22.12
Guppy Yellow taxi glass belly,Poecilia reticulata,Yellow taxi glass belly,GUPPY,To Order,21.41,21.41
Guppy blood red mosaic tail,Poecilia reticulata,blood red mosaic tail,GUPPY,To Order,10.77,10.77
Poecilia velifera red leopard sailfin molly,Poecilia velifera,red leopard sailfin molly,XIPHO/PLATY/MOLLY,To Order,31.11,31.11
Poecilia velifera red gold,Poecilia velifera,red gold,XIPHO/PLATY/MOLLY,To Order,31.11,31.11
Poecilia velifera assorted lyra,Poecilia velifera,assorted lyra,XIPHO/PLATY/MOLLY,To Order,24.23,24.23
Poecilia latipinna snow white,Poecilia latipinna,snow white,XIPHO/PLATY/MOLLY,To Order,21.53,21.53
Poecilia latipinna black molly,Poecilia latipinna,black molly,XIPHO/PLATY/MOLLY,To Order,10.77,10.77
Poecilia latipinna black lyra,Poecilia latipinna,black lyra,XIPHO/PLATY/MOLLY,To Order,11.00,11.00
Poecilia latipinna ballon marble golden molly,Poecilia latipinna,ballon marble golden molly,XIPHO/PLATY/MOLLY,To Order,10.77,10.77
Poecilia latipinna ballon molly marble,Poecilia latipinna,ballon molly marble,XIPHO/PLATY/MOLLY,To Order,12.24,12.24
Poecilia latipinna silver molly lyra,Poecilia latipinna,silver molly lyra,XIPHO/PLATY/MOLLY,To Order,11.00,11.00
Poecilia latipinna ballon molly lyra silver,Poecilia latipinna,ballon molly lyra silver,XIPHO/PLATY/MOLLY,To Order,11.37,11.37
Poecilia latipinna ballon molly lyra golden,Poecilia latipinna,molly lyra golden,XIPHO/PLATY/MOLLY,To Order,10.77,10.77
Poecilia latipinna ballon molly lyra black,Poecilia latipinna,molly lyra black,XIPHO/PLATY/MOLLY,To Order,11.37,11.37
Xiphophorus helleri red simpson,Xiphophorus helleri,red simpson,XIPHO/PLATY/MOLLY,To Order,13.97,13.97
Xiphophorus helleri red gold,Xiphophorus helleri,red gold,XIPHO/PLATY/MOLLY,To Order,10.77,10.77
Xiphophorus helleri papagaj,Xiphophorus helleri,papagaj,XIPHO/PLATY/MOLLY,To Order,10.88,10.88
Xiphophorus helleri koi albin,Xiphophorus helleri,koi albin,XIPHO/PLATY/MOLLY,To Order,24.48,24.48
Xiphophorus helleri commet pink,Xiphophorus helleri,commet pink,XIPHO/PLATY/MOLLY,To Order,10.35,10.35
Xiphophorus helleri black marble,Xiphophorus helleri,black marble,XIPHO/PLATY/MOLLY,To Order,10.88,10.88
Xiphophorus maculatus tuxedo neon blue,Xiphophorus maculatus,tuxedo neon blue,XIPHO/PLATY/MOLLY,To Order,10.77,10.77
Xiphophorus maculatus sunset wg,Xiphophorus maculatus,sunset wg,XIPHO/PLATY/MOLLY,To Order,10.35,10.35
Xiphophorus maculatus sunset comet,Xiphophorus maculatus,sunset comet,XIPHO/PLATY/MOLLY,To Order,10.15,10.15
Xiphophorus maculatus red flame spotted,Xiphophorus maculatus,red flame spotted,XIPHO/PLATY/MOLLY,To Order,10.77,10.77
Xiphophorus maculatus neon sunset,Xiphophorus maculatus,neon sunset,XIPHO/PLATY/MOLLY,To Order,11.13,11.13
Xiphophorus maculatus mix pintail,Xiphophorus maculatus,mix pintail,XIPHO/PLATY/MOLLY,To Order,10.35,10.35
Xiphophorus maculatus mickey mouse red simpson,Xiphophorus maculatus,mickey mouse red simpson,XIPHO/PLATY/MOLLY,To Order,13.10,13.10
Xiphophorus maculatus mickey mouse long fin,Xiphophorus maculatus,mickey mouse long fin,XIPHO/PLATY/MOLLY,To Order,10.15,10.15
Xiphophorus maculatus golden comet,Xiphophorus maculatus,golden comet,XIPHO/PLATY/MOLLY,To Order,10.35,10.35
Xiphophorus maculatus golden Speckled,Xiphophorus maculatus,golden Speckled,XIPHO/PLATY/MOLLY,To Order,10.77,10.77
Xiphophorus maculatus germany,Xiphophorus maculatus,germany,XIPHO/PLATY/MOLLY,To Order,10.15,10.15
Xiphophorus maculatus german simson hf,Xiphophorus maculatus,german simson hf,XIPHO/PLATY/MOLLY,To Order,10.15,10.15
Xiphophorus maculatus caroliana,Xiphophorus maculatus,caroliana,XIPHO/PLATY/MOLLY,To Order,10.77,10.77
Xiphophorus maculatus calico,Xiphophorus maculatus,calico,XIPHO/PLATY/MOLLY,To Order,10.77,10.77
Xiphophorus maculatus blue wagtail,Xiphophorus maculatus,blue wagtail,XIPHO/PLATY/MOLLY,To Order,10.77,10.77
Xiphophorus maculatus black HF,Xiphophorus maculatus,black HF,XIPHO/PLATY/MOLLY,To Order,10.77,10.77
Xiphophorus maculatus black,Xiphophorus maculatus,black,XIPHO/PLATY/MOLLY,To Order,10.77,10.77
Xiphophorus maculatus apple tricolor hi-fin,Xiphophorus maculatus,apple tricolor hi-fin,XIPHO/PLATY/MOLLY,To Order,10.05,10.05
Xiphophorus maculatus Emerald Mickey Mouse (Gold),Xiphophorus maculatus,Emerald Mickey Mouse (Gold),XIPHO/PLATY/MOLLY,To Order,10.77,10.77
Poecilia endler black fire,Poecilia wingei,black fire,GUPPY,To Order,29.90,29.90
Poecilia endler supercolor,Poecilia wingei,supercolor,GUPPY,To Order,11.80,11.80
Guppy Purple Queen,Poecilia reticulata,Purple Queen,GUPPY,To Order,10.15,10.15
Xiphophorus helleri santa claus kohaku,Xiphophorus helleri,santa claus kohaku,XIPHO/PLATY/MOLLY,To Order,10.77,10.77
Xiphophorus helleri tuxedo,Xiphophorus helleri,tuxedo,XIPHO/PLATY/MOLLY,To Order,10.05,10.05
Xiphophorus helleri pineapple neon,Xiphophorus helleri,pineapple neon,XIPHO/PLATY/MOLLY,To Order,10.35,10.35
Guppy double sword,Poecilia reticulata,double sword,GUPPY,To Order,12.95,32.36
Guppy sunset blonde,Poecilia reticulata,sunset blonde,GUPPY,To Order,10.35,11.09
Guppy femela red golden,Poecilia reticulata,femela red golden,GUPPY,To Order,10.15,10.15
Guppy golden tuxedo red tail,Poecilia reticulata,golden tuxedo red tail,GUPPY,To Order,10.35,11.20
Guppy yellow mosaic,Poecilia reticulata,yellow mosaic,GUPPY,To Order,11.98,11.98
Latipinna ballon molly green,Poecilia latipinna,ballon molly green,XIPHO/PLATY/MOLLY,To Order,11.81,11.81
Guppy tiger,Poecilia reticulata,tiger,GUPPY,To Order,11.09,11.98
Guppy black,Poecilia reticulata,black,GUPPY,To Order,11.42,15.5
Guppy rainbow,Poecilia reticulata,rainbow,GUPPY,To Order,10.35,10.76
Guppy tuxedo red,Poecilia reticulata,tuxedo red,GUPPY,To Order,10.77,10.77
Guppy multicolor,Poecilia reticulata,multicolor,GUPPY,To Order,11.89,11.89
Guppy german yellow,Poecilia reticulata,german yellow,GUPPY,To Order,11.42,11.59
Guppy flame,Poecilia reticulata,flame,GUPPY,To Order,10.35,11.92
Guppy green cobra,Poecilia reticulata,green cobra,GUPPY,To Order,11.09,12.45
Guppy blue neon,Poecilia reticulata,blue neon,GUPPY,To Order,10.35,11.09
Guppy red blond,Poecilia reticulata,red blond,GUPPY,To Order,11.15,12.18
Guppy yellow,Poecilia reticulata,yellow,GUPPY,To Order,10.15,10.77
Guppy Red mix,Poecilia reticulata,Red mix,GUPPY,To Order,10.77,10.77
Guppy metallic blue neon,Poecilia reticulata,metallic blue neon,GUPPY,To Order,11.42,12.2
Guppy blue jeans,Poecilia reticulata,blue jeans,GUPPY,To Order,10.15,10.15
Guppy snakeskin blue delta,Poecilia reticulata,snakeskin blue delta,GUPPY,To Order,13.93,13.93
Guppy blue cobra,Poecilia reticulata,blue cobra,GUPPY,To Order,10.35,10.76
Skiffia multipunctata,Skiffia multipunctata,Skiffia multipunctata,XIPHO/PLATY/MOLLY,To Order,44.47,44.47
Dermogenys sp. silver,Dermogenys pusilla,Dermogenys sp. silver,OTHER,To Order,20.1,20.1
Poecilia velifera gold,Poecilia velifera,gold,XIPHO/PLATY/MOLLY,To Order,26.01,26.01
Poecilia velifera assorted,Poecilia velifera,assorted,XIPHO/PLATY/MOLLY,To Order,31.11,31.11
Poecilia sphenops gold black lyra moll,Poecilia sphenops,gold black lyra molly,XIPHO/PLATY/MOLLY,To Order,12.88,12.88
Poecilia sphenops black molly,Poecilia sphenops,black molly,XIPHO/PLATY/MOLLY,To Order,10.05,10.15
Poecilia sphenops Lyra Mix,Poecilia sphenops,Lyra Mix,XIPHO/PLATY/MOLLY,To Order,11.09,11.09
Poecilia sphenops mix,Poecilia sphenops,mix,XIPHO/PLATY/MOLLY,To Order,10.05,10.05
Poecilia latipinna ballon molly silver,Poecilia latipinna,ballon molly silver,XIPHO/PLATY/MOLLY,To Order,11.09,11.09
Poecilia latipinna ballon molly mix lyra,Poecilia latipinna,ballon molly mix lyra,XIPHO/PLATY/MOLLY,To Order,12.95,12.95
Poecilia latipinna ballon molly calico,Poecilia latipinna,ballon molly calico,XIPHO/PLATY/MOLLY,To Order,11.89,11.89
Poecilia shenops red molly,Poecilia sphenops,red molly,XIPHO/PLATY/MOLLY,To Order,10.15,10.15
Xiphophorus helleri mix berlin redwg marygold red,Xiphophorus helleri,mix berlin redwg marygold red,XIPHO/PLATY/MOLLY,To Order,10.35,10.35
Xiphophorus helleri wien,Xiphophorus helleri,wien,XIPHO/PLATY/MOLLY,To Order,10.77,10.77
Xiphophorus helleri tuxedo,Xiphophorus helleri,tuxedo,XIPHO/PLATY/MOLLY,To Order,11.09,11.09
Xiphophorus helleri tricolor,Xiphophorus helleri,tricolor,XIPHO/PLATY/MOLLY,To Order,11.26,11.26
Xiphophorus helleri red wagteil,Xiphophorus helleri,red wagteil,XIPHO/PLATY/MOLLY,To Order,10.15,10.15
Xiphophorus helleri mixture,Xiphophorus helleri,mixture,XIPHO/PLATY/MOLLY,To Order,10.35,26.19
Xiphophorus helleri mary gold lyra,Xiphophorus helleri,mary gold lyra,XIPHO/PLATY/MOLLY,To Order,13.87,13.87
Xiphophorus helleri mary gold,Xiphophorus helleri,mary gold,XIPHO/PLATY/MOLLY,To Order,10.35,10.35
Xiphophorus helleri green,Xiphophorus helleri,green,XIPHO/PLATY/MOLLY,To Order,10.15,10.15
Xiphophorus helleri L mixture,Xiphophorus helleri,L mixture,XIPHO/PLATY/MOLLY,To Order,22.18,22.18
Xiphophorus helleri tuxedo red,Xiphophorus helleri,tuxedo red,XIPHO/PLATY/MOLLY,To Order,10.35,10.35
Xiphophorus helleri tuxedo green,Xiphophorus helleri,tuxedo green,XIPHO/PLATY/MOLLY,To Order,10.35,10.35
Xiphophorus variatus sunset simpson,Xiphophorus variatus,sunset simpson,XIPHO/PLATY/MOLLY,To Order,10.35,10.35
Xiphophorus maculatus yellow tuxedo,Xiphophorus maculatus,yellow tuxedo,XIPHO/PLATY/MOLLY,To Order,11.64,11.64
Xiphophorus maculatus wg simpson,Xiphophorus maculatus,wg simpson,XIPHO/PLATY/MOLLY,To Order,10.15,10.15
Xiphophorus maculatus tuxedo blue,Xiphophorus maculatus,tuxedo blue,XIPHO/PLATY/MOLLY,To Order,10.05,10.05
Xiphophorus maculatus tiger panda,Xiphophorus maculatus,tiger panda,XIPHO/PLATY/MOLLY,To Order,10.77,10.77
Xiphophorus maculatus salt & pepper,Xiphophorus maculatus,salt & pepper,XIPHO/PLATY/MOLLY,To Order,10.77,10.77
Xiphophorus maculatus red tuxedo hi-fin,Xiphophorus maculatus,red tuxedo hi-fin,XIPHO/PLATY/MOLLY,To Order,10.35,10.35
Xiphophorus maculatus red top mickey,Xiphophorus maculatus,red top mickey,XIPHO/PLATY/MOLLY,To Order,10.77,10.77
Xiphophorus maculatus red parrot,Xiphophorus maculatus,red parrot,XIPHO/PLATY/MOLLY,To Order,11.09,11.09
Xiphophorus maculatus red HF,Xiphophorus maculatus,red HF,XIPHO/PLATY/MOLLY,To Order,10.77,10.77
Xiphophorus maculatus red & white,Xiphophorus maculatus,red & white,XIPHO/PLATY/MOLLY,To Order,11.09,11.09
Xiphophorus maculatus rainbow,Xiphophorus maculatus,rainbow,XIPHO/PLATY/MOLLY,To Order,10.77,10.77
Xiphophorus maculatus pineaple wg,Xiphophorus maculatus,pineaple wg,XIPHO/PLATY/MOLLY,To Order,10.35,10.35
Xiphophorus maculatus moskva,Xiphophorus maculatus,moskva,XIPHO/PLATY/MOLLY,To Order,10.15,10.15
Xiphophorus maculatus mickey mouse gold,Xiphophorus maculatus,mickey mouse gold,XIPHO/PLATY/MOLLY,To Order,10.35,10.35
Xiphophorus maculatus mary gold,Xiphophorus maculatus,mary gold,XIPHO/PLATY/MOLLY,To Order,10.77,10.77
Xiphophorus maculatus kometa,Xiphophorus maculatus,kometa,XIPHO/PLATY/MOLLY,To Order,10.35,10.35
Xiphophorus maculatus golden mickey mouse HF,Xiphophorus maculatus,golden mickey mouse HF,XIPHO/PLATY/MOLLY,To Order,10.77,10.77
Xiphophorus maculatus golden WG,Xiphophorus maculatus,golden WG,XIPHO/PLATY/MOLLY,To Order,10.35,10.35
Xiphophorus maculatus Gold Red Tuxedo,Xiphophorus maculatus,Gold Red Tuxedo,XIPHO/PLATY/MOLLY,To Order,10.77,10.77
Poecilia endler red rainbow,Poecilia wingei,red rainbow,GUPPY,To Order,13.75,14.95
Poecilia endler japan blue,Poecilia wingei,japan blue,GUPPY,To Order,13.38,13.38
Poecilia endler blonde,Poecilia wingei,blonde,GUPPY,To Order,13.75,13.75
Poecilia latipinna baloon gold leopard,Poecilia latipinna,baloon gold leopard,GUPPY,To Order,16.35,16.35
Xiphophorus maculatus calico Blue,Xiphophorus maculatus,calico Blue,XIPHO/PLATY/MOLLY,To Order,10.77,10.77
Xiphophorus maculatus blue mickey mouse,Xiphophorus maculatus,blue mickey mouse,XIPHO/PLATY/MOLLY,To Order,10.77,10.77
Poecilia velifera silver,Poecilia velifera,silver,XIPHO/PLATY/MOLLY,To Order,14.61,32.35
Poecilia velifera gold leopard,Poecilia velifera,gold leopard,XIPHO/PLATY/MOLLY,To Order,32.36,32.36
Poecilia sphenops gold black molly,Poecilia sphenops,gold black molly,XIPHO/PLATY/MOLLY,To Order,11.95,11.95
Poecilia latipinna red gold,Poecilia latipinna,red gold,XIPHO/PLATY/MOLLY,To Order,13.52,13.52
Xenotoca eiseni (Red-Tailed Goodeid),Xenotoca eiseni,Red-Tailed Goodeid,XIPHO/PLATY/MOLLY,To Order,11.09,11.09
Xiphophorus helleri mickey mouse,Xiphophorus helleri,mickey mouse,XIPHO/PLATY/MOLLY,To Order,13.42,13.42
Poecilia latipinna baloon molly yellow,Poecilia latipinna,baloon molly yellow,XIPHO/PLATY/MOLLY,To Order,11.89,11.89
Poecilia salvatoris,Poecilia salvatoris,Poecilia salvatoris,XIPHO/PLATY/MOLLY,To Order,23.79,23.79
Poecilia endler,Poecilia wingei,endler,GUPPY,To Order,16.54,16.54
Neoheterandria elegans,Neoheterandria elegans,Neoheterandria elegans,XIPHO/PLATY/MOLLY,To Order,25.45,25.45
Girardinus falcatus,Girardinus falcatus,Girardinus falcatus,XIPHO/PLATY/MOLLY,To Order,21.53,21.53
Alfaro cultratus,Alfaro cultratus,Alfaro cultratus,XIPHO/PLATY/MOLLY,To Order,15.77,15.77
Xiphophorus helleri koi tricolour,Xiphophorus helleri,koi tricolour,XIPHO/PLATY/MOLLY,To Order,39.9,46.91
Xiphophorus maculatus blue - red,Xiphophorus maculatus,blue - red,XIPHO/PLATY/MOLLY,To Order,10.35,10.35
Xiphophorus maculatus apple tricolour,Xiphophorus maculatus,apple tricolour,XIPHO/PLATY/MOLLY,To Order,11.09,11.09
Xiphophorus helleri koi,Xiphophorus helleri,koi,XIPHO/PLATY/MOLLY,To Order,19.9,19.9
Xiphophorus variatus orange gold,Xiphophorus variatus,orange gold,XIPHO/PLATY/MOLLY,To Order,10.35,10.35
Xiphophorus maculatus simpson,Xiphophorus maculatus,simpson,XIPHO/PLATY/MOLLY,To Order,10.15,10.15
Ameca Splendens,Ameca splendens,Ameca Splendens,XIPHO/PLATY/MOLLY,To Order,15.16,15.16
Xiphophorus helleri ada red,Xiphophorus helleri,ada red,XIPHO/PLATY/MOLLY,To Order,11.09,11.09
Poecilia latipinna ballon snow,Poecilia latipinna,ballon snow,XIPHO/PLATY/MOLLY,To Order,15.95,15.95
Poecilia ret. galaxy mosaic red - 3.5 cm,Poecilia reticulata,galaxy mosaic red - 3.5 cm,GUPPY,To Order,19.95,19.95
Chapalichthys pardalis,Chapalichthys pardalis,Chapalichthys pardalis,XIPHO/PLATY/MOLLY,To Order,26.7,26.7
Guppy snakeskin green delta,Poecilia reticulata,snakeskin green delta,GUPPY,To Order,11.98,11.98
Guppy Blue,Poecilia reticulata,Blue,GUPPY,To Order,9.95,9.95
Poecilia latipinna ballon molly mix,Poecilia latipinna,ballon molly mix,XIPHO/PLATY/MOLLY,To Order,12.95,19.9
Xiphophorus maculatus red (platty),Xiphophorus maculatus,red (platty),XIPHO/PLATY/MOLLY,To Order,10.05,10.05
Xiphophorus helleri berlin,Xiphophorus helleri,berlin,XIPHO/PLATY/MOLLY,To Order,11.09,11.09
Xiphophorus helleri green wagtail,Xiphophorus helleri,green wagtail,XIPHO/PLATY/MOLLY,To Order,10.35,10.35
Xiphophorus helleri pink comet,Xiphophorus helleri,pink comet,XIPHO/PLATY/MOLLY,To Order,9.95,9.95
Xiphophorus helleri mix lyretail hifin,Xiphophorus helleri,mix lyretail hifin,XIPHO/PLATY/MOLLY,To Order,14.95,19.95
Guppy Tuxedo Yellow,Poecilia reticulata,Tuxedo Yellow,GUPPY,To Order,9.95,9.95
Poecilia wingei campoma el tigre,Poecilia wingei,campoma el tigre,GUPPY,To Order,33.35,33.35
Poecilia velifera marble sailfin molly,Poecilia velifera,marble sailfin molly,XIPHO/PLATY/MOLLY,To Order,31.11,31.11
Guppy full red albino,Poecilia reticulata,full red albino,GUPPY,To Order,24.99,24.99
Guppy blue scissor tail,Poecilia reticulata,blue scissor tail,GUPPY,To Order,10.35,11.09
Guppy Red Cobra,Poecilia reticulata,Red Cobra,GUPPY,To Order,11.09,11.09
Xiphophorus maculatus red wagteil,Xiphophorus maculatus,red wagteil,XIPHO/PLATY/MOLLY,To Order,10.05,10.15
Xiphophorus maculatus mix,Xiphophorus maculatus,mix,XIPHO/PLATY/MOLLY,To Order,9.95,13.13
Xiphophorus maculatus coral red,Xiphophorus maculatus,coral red,XIPHO/PLATY/MOLLY,To Order,10.05,10.77
Poecilia velifera green,Poecilia velifera,green,XIPHO/PLATY/MOLLY,To Order,25.95,25.95
Guppy Poecilia phantom green,Poecilia reticulata,phantom green,GUPPY,To Order,26,26
Guppy golden cobra,Poecilia reticulata,golden cobra,GUPPY,To Order,10.15,11.09
Guppy Poecilia reticulata melon red Mascul,Poecilia reticulata,melon red Mascul,GUPPY,To Order,7.95,7.95
Guppy Poecilla Panda,Poecilia reticulata,Panda,GUPPY,To Order,19.9,19.9
Guppy sky blue albino,Poecilia reticulata,sky blue albino,GUPPY,To Order,34.33,34.33
Poecilia endler tiger,Poecilia wingei,tiger,GUPPY,To Order,13.76,13.76
Guppy red neon,Poecilia reticulata,red neon,GUPPY,To Order,10.77,10.77
Guppy Poecilia reticulata maroon red mascul,Poecilia reticulata,maroon red mascul,GUPPY,To Order,9.95,9.95
Guppy Poecilia mosaic magenta red mascul,Poecilia reticulata,mosaic magenta red mascul,GUPPY,To Order,9.95,9.95
Guppy blue mosaic tail,Poecilia reticulata,blue mosaic tail,GUPPY,To Order,10.15,10.35
Xiphophorus maculatus blue mickey mouse HF,Xiphophorus maculatus,blue mickey mouse HF,XIPHO/PLATY/MOLLY,To Order,10.77,10.77
Xiphophorus maculatus sunset Hi Fin,Xiphophorus maculatus,sunset Hi Fin,XIPHO/PLATY/MOLLY,To Order,10.77,10.77
Poecilia latipinna ballon molly black,Poecilia latipinna,ballon molly black,XIPHO/PLATY/MOLLY,To Order,16.94,16.94
Guppy snow white,Poecilia reticulata,snow white,GUPPY,To Order,12.87,36.1
Xiphophorus helleri red,Xiphophorus helleri,red,XIPHO/PLATY/MOLLY,To Order,7.95,11.95
Xiphophorus maculatus showa tricolour,Xiphophorus maculatus,showa tricolour,XIPHO/PLATY/MOLLY,To Order,10.77,10.77
Poecilia endler neon (Poecilia wingei),Poecilia wingei,endler neon,GUPPY,To Order,11.42,11.42
Guppy full black,Poecilia reticulata,full black,GUPPY,To Order,20.71,20.71
Guppy Mix,Poecilia reticulata,Mix,GUPPY,To Order,10.05,11.42
Guppy Golden Neon M,Poecilia reticulata,Golden Neon M,GUPPY,To Order,11.93,11.93
Guppy Red Dwarf,Poecilia reticulata,Red Dwarf,GUPPY,To Order,11.06,11.06
Guppy magenta grass tail elephant ears Male,Poecilia reticulata,magenta grass tail elephant ears Male,GUPPY,To Order,9.95,10.15
Guppy calico double sword,Poecilia reticulata,calico double sword,GUPPY,To Order,11.39,11.39
Xiphophorus maculatus berlin,Xiphophorus maculatus,berlin,XIPHO/PLATY/MOLLY,To Order,10.15,10.35
Guppy golden platinum,Poecilia reticulata,golden platinum,GUPPY,To Order,10.15,10.15
Guppy Fire Tuxedo,Poecilia reticulata,Fire Tuxedo,GUPPY,To Order,10.05,10.15
Guppy chilli tiger,Poecilia reticulata,chilli tiger,GUPPY,To Order,10.77,10.77
Guppy chilli red,Poecilia reticulata,chilli red,GUPPY,To Order,9.95,10.77
Guppy bumble bee,Poecilia reticulata,bumble bee,GUPPY,To Order,10.77,10.77
Guppy variegated,Poecilia reticulata,variegated,GUPPY,To Order,10.35,10.35
Guppy black phantom,Poecilia reticulata,black phantom,GUPPY,To Order,34.33,35.95
Guppy red neon albino,Poecilia reticulata,red neon albino,GUPPY,To Order,34.33,34.33
Guppy metallic blonde,Poecilia reticulata,metallic blonde,GUPPY,To Order,10.15,11.09
Guppy sunset cobra,Poecilia reticulata,sunset cobra,GUPPY,To Order,10.15,10.15
Guppy pigeon blood,Poecilia reticulata,pigeon blood,GUPPY,To Order,10.05,11.09
Guppy peacock green,Poecilia reticulata,peacock green,GUPPY,To Order,11.09,11.09
Guppy red mosaic tail,Poecilia reticulata,red mosaic tail,GUPPY,To Order,10.77,10.77
Guppy golden kumara sunray,Poecilia reticulata,golden kumara sunray,GUPPY,To Order,11.09,11.09
Guppy Kumara sun ray,Poecilia reticulata,Kumara sun ray,GUPPY,To Order,11.09,11.09
Guppy pineapple cobra,Poecilia reticulata,pineapple cobra,GUPPY,To Order,10.35,10.76
Guppy coral tail,Poecilia reticulata,coral tail,GUPPY,To Order,10.35,10.35
Guppy Red Delta Neon,Poecilia reticulata,Red Delta Neon,GUPPY,To Order,11.09,11.09
Guppy blonde rainbow,Poecilia reticulata,blonde rainbow,GUPPY,To Order,10.35,10.35
Guppy powder blue,Poecilia reticulata,powder blue,GUPPY,To Order,10.35,10.35
Guppy pink tuxedo,Poecilia reticulata,pink tuxedo,GUPPY,To Order,10.15,11.09
Guppy blue sapphire,Poecilia reticulata,blue sapphire,GUPPY,To Order,10.15,10.77
Guppy shakthi-batik,Poecilia reticulata,shakthi-batik,GUPPY,To Order,10.15,10.35
Guppy dragon tail,Poecilia reticulata,dragon tail,GUPPY,To Order,10.35,10.76
Guppy neon firetail,Poecilia reticulata,neon firetail,GUPPY,To Order,10.35,10.35
Guppy yellow taxi red belly,Poecilia reticulata,yellow taxi red belly,GUPPY,To Order,34.33,34.33
Guppy super green scissor tail,Poecilia reticulata,super green scissor tail,GUPPY,To Order,9.95,11.09
Guppy half black yellow delta,Poecilia reticulata,half black yellow delta,GUPPY,To Order,11.59,11.59
Guppy laser ray,Poecilia reticulata,laser ray,GUPPY,To Order,9.95,11.09
Guppy golden yellow,Poecilia reticulata,golden yellow,GUPPY,To Order,11.93,11.93
Guppy platinum red,Poecilia reticulata,platinum red,GUPPY,To Order,11.09,11.09
Guppy dark red cobra,Poecilia reticulata,dark red cobra,GUPPY,To Order,11.09,11.09
Guppy golden head red tail,Poecilia reticulata,golden head red tail,GUPPY,To Order,11.09,11.09
Guppy triangle,Poecilia reticulata,triangle,GUPPY,To Order,10.35,10.35
Guppy tuxedo red dragon,Poecilia reticulata,tuxedo red dragon,GUPPY,To Order,14.6,14.6
Guppy tuxedo bronze,Poecilia reticulata,tuxedo bronze,GUPPY,To Order,11.42,11.42
Guppy red bronze,Poecilia reticulata,red bronze,GUPPY,To Order,11.42,11.42
Guppy golden tuxedo,Poecilia reticulata,golden tuxedo,GUPPY,To Order,10.05,10.35
Limia perugiae,Limia perugiae,Limia perugiae,XIPHO/PLATY/MOLLY,To Order,11.15,22.18
Poecilia velifera dalmatin,Poecilia velifera,dalmatin,XIPHO/PLATY/MOLLY,To Order,11.52,20.71
Poecilia sphenops gold molly,Poecilia sphenops,gold molly,XIPHO/PLATY/MOLLY,To Order,8.95,12.51
Poecilia latipinna silver molly,Poecilia latipinna,silver molly,XIPHO/PLATY/MOLLY,To Order,11.09,14.74
Xiphophorus maculatus red tuxedo,Xiphophorus maculatus,red tuxedo,XIPHO/PLATY/MOLLY,To Order,9.95,10.05
Guppy red sapphire,Poecilia reticulata,red sapphire,GUPPY,To Order,10.15,10.77
Poecilia latipinna silver marmor,Poecilia latipinna,silver marmor,XIPHO/PLATY/MOLLY,To Order,10.77,12.26
Xiphophorus variatus,Xiphophorus variatus,Xiphophorus variatus,XIPHO/PLATY/MOLLY,To Order,10.35,10.35
Poecilia ret. cobra multicolor elephant ears Femela,Poecilia reticulata,cobra multicolor elephant ears,GUPPY,In Stock,8.95,8.95
Poecilia ret. male dragon black (mascul),Poecilia reticulata,male dragon black (mascul),GUPPY,In Stock,10.95,10.95
Poecilia ret. blue turquoise,Poecilia reticulata,blue turquoise,GUPPY,In Stock,9.9,9.9
Poecilia reticulata male red butterfly,Poecilia reticulata,male red butterfly,GUPPY,To Order,9.95,9.95
Poecilia ret. cobra mix mascul,Poecilia reticulata,cobra mix mascul,GUPPY,To Order,9.95,9.95
Guppy Poecilia ret. KOI albino red nose,Poecilia reticulata,KOI albino red nose,GUPPY,To Order,47.95,47.95
Poecilia endler golden mascul,Poecilia wingei,golden mascul,GUPPY,To Order,9.95,9.95
Poecilia reticulata Full Red Albino,Poecilia reticulata,Full Red Albino,GUPPY,To Order,24.99,24.99
Poecilia reticulata Golden cobra,Poecilia reticulata,Golden cobra,GUPPY,To Order,9.95,9.95
Poecilia reticulata Full platinum albino,Poecilia reticulata,Full platinum albino,GUPPY,To Order,23.95,23.95
Poecilia ret. femela mosaic elephant ears,Poecilia reticulata,femela mosaic elephant ears,GUPPY,To Order,9.95,9.95
Endler Green Snake,Poecilia wingei,Endler Green Snake,GUPPY,To Order,13.33,13.33
Endler Gold Yellow,Poecilia wingei,Gold Yellow,GUPPY,To Order,7.95,8.95
Guppy German Sunset,Poecilia reticulata,German Sunset,GUPPY,To Order,9.95,9.95
Guppy Poecilia cobra flower elephant Mascul,Poecilia reticulata,cobra flower elephant Mascul,GUPPY,To Order,10.95,10.95
Poecilia ret. golden neon blue Femela,Poecilia reticulata,golden neon blue Femela,GUPPY,To Order,9.95,9.95
Poecilia wingei cobra (Endler guppy),Poecilia wingei,cobra (Endler guppy),GUPPY,To Order,15.95,15.95
Poecilia ret. cobra multicolor elephant ears Mascul,Poecilia reticulata,cobra multicolor elephant ears Mascul,GUPPY,To Order,9.95,9.95
Poecilia ret. cobra flower blue femela,Poecilia reticulata,cobra flower blue femela,GUPPY,To Order,8.95,8.95
Poecilia ret. moscow black mascul,Poecilia reticulata,moscow black mascul,GUPPY,To Order,8.95,8.95
Poecilia ret. cobra mix Femela,Poecilia reticulata,cobra mix Femela,GUPPY,To Order,10.95,10.95
Poecilia reticulata blue diamond M,Poecilia reticulata,blue diamond M,GUPPY,To Order,12.5,12.5
Mikrogeophagus ramirezi,Mikrogeophagus ramirezi,Mikrogeophagus ramirezi,Small American Cichlids,In Stock,26.58,26.58
Papiliochromis ramirezi electric blue long fin,Mikrogeophagus ramirezi,Papiliochromis ramirezi electric blue long fin,Small American Cichlids,To Order,51.95,51.95
Apistogramma wilhelmi,Apistogramma abacaxis,Apistogramma wilhelmi,Small American Cichlids,To Order,106,106
Dicrossus maculatus,Dicrossus maculatus,Dicrossus maculatus,Small American Cichlids,To Order,26.52,26.52
Dicrossus filamentosus,Dicrossus filamentosus,Dicrossus filamentosus,Small American Cichlids,To Order,24.24,24.24
Papiliochromis ramirezi electric blue baloon,Mikrogeophagus ramirezi,Papiliochromis ramirezi electric blue baloon,Small American Cichlids,To Order,46.48,46.48
Apistogramma hoignei,Apistogramma hoignei,Apistogramma hoignei,Small American Cichlids,To Order,72.73,72.73
Apistogramma diplotaenia,Apistogramma diplotaenia,Apistogramma diplotaenia,Small American Cichlids,To Order,609.9,609.9
Apistogramma caetei,Apistogramma caetei,Apistogramma caetei,Small American Cichlids,To Order,104.83,104.83
Apistogramma agassizi tefe ii,Apistogramma agassizi,tefe ii,Small American Cichlids,To Order,75.64,75.64
Apistogramma agas. Rio Tefe-Red,Apistogramma agassizi,Rio Tefe-Red,Small American Cichlids,To Order,79.9,79.9
Taeniacara candidi,Taeniacara candidi,Taeniacara candidi,Small American Cichlids,To Order,111,111
Papiliochromis ramirezi original,Mikrogeophagus ramirezi,Papiliochromis ramirezi original,Small American Cichlids,To Order,13.95,59.9
Apistogramma eremnopyge,Apistogramma eremnopyge,Apistogramma eremnopyge,Small American Cichlids,To Order,90.8,90.8
Apistogramma agas.blue,Apistogramma agassizi,blue,Small American Cichlids,To Order,46.81,46.81
Nannacara sp. neon blue,Nannacara,neon blue,Small American Cichlids,To Order,136.9,136.9
Apistogramma staecki,Apistogramma staecki,Apistogramma staecki,Small American Cichlids,To Order,136.8,136.8
Apistogramma sp. mamore red,Apistogramma,mamore red,Small American Cichlids,To Order,81.51,81.51
Apistogramma sp. mamore,Apistogramma,mamore,Small American Cichlids,To Order,81.51,81.51
Apistogramma sp. algodon II,Apistogramma,algodon II,Small American Cichlids,To Order,103.95,103.95
Apistogramma norberti,Apistogramma norberti,Apistogramma norberti,Small American Cichlids,To Order,121.1,121.1
Apistogramma juriensis,Apistogramma juriensis,Apistogramma juriensis,Small American Cichlids,To Order,103.95,103.95
Apistogramma cruzi,Apistogramma cruzi,Apistogramma cruzi,Small American Cichlids,To Order,103.95,103.95
Apistogramma cacatuoides gold,Apistogramma cacatuoides,gold,Small American Cichlids,To Order,26.11,26.11
Apistogramma agassizi gold red,Apistogramma agassizi,gold red,Small American Cichlids,To Order,35.15,35.15
Apistogramma agassizi Rio Tefe-Blue,Apistogramma agassizi,Rio Tefe-Blue,Small American Cichlids,To Order,86.46,86.46
Apistogramma agas. gold line tucurui,Apistogramma agassizi,gold line tucurui,Small American Cichlids,To Order,103.95,103.95
Apistogramma Diamond Face,Apistogramma,Diamond Face,Small American Cichlids,To Order,173.31,173.31
Apistogramma Baenschi - Inca,Apistogramma baenschi,Inca,Small American Cichlids,To Order,81.51,81.51
Apistogramma bitaeniata Peru Blue,Apistogramma bitaeniata,Peru Blue,Small American Cichlids,To Order,93.54,93.54
Apistogramma Black chin,Apistogramma,Black chin,Small American Cichlids,To Order,83.14,83.14
Acarichthys heckeli,Acarichthys heckeli,Acarichthys heckeli,Small American Cichlids,To Order,165,165
Papiliochromis ramirezi red-gold,Mikrogeophagus ramirezi,Papiliochromis ramirezi red-gold,Small American Cichlids,To Order,22.18,22.18
Papiliochromis altispinosa,Mikrogeophagus altispinosus,Papiliochromis altispinosa,Small American Cichlids,To Order,24.96,24.96
Nannacara anomala,Nannacara anomala,Nannacara anomala,Small American Cichlids,To Order,15.56,22.85
Apistogramma tucurui,Apistogramma tucurui,Apistogramma tucurui,Small American Cichlids,To Order,35.81,35.81
Apistogramma sp. viejeta gold,Apistogramma,viejeta gold,Small American Cichlids,To Order,43.18,43.18
Apistogramma sp. viejeta II,Apistogramma,viejeta II,Small American Cichlids,To Order,44.47,70.6
Apistogramma nijsseni,Apistogramma nijsseni,Apistogramma nijsseni,Small American Cichlids,To Order,41.52,46.73
Apistogramma macmasteri red mask,Apistogramma macmasteri,red mask,Small American Cichlids,To Order,66.12,66.12
Apistogramma macmasteri,Apistogramma macmasteri,Apistogramma macmasteri,Small American Cichlids,To Order,34.33,44.48
Apistogramma borelli - paraguay,Apistogramma borelli,paraguay,Small American Cichlids,To Order,22.85,22.85
Apistogramma agassizi super red,Apistogramma agassizi,super red,Small American Cichlids,To Order,40.3,40.3
Apistogramma agassizi red dorsal,Apistogramma agassizi,red dorsal,Small American Cichlids,To Order,50.4,50.4
Papiliochromis ramirezi gold,Mikrogeophagus ramirezi,Papiliochromis ramirezi gold,Small American Cichlids,To Order,19.9,45.34
Apistogramma Cacatuoides Double Red,Apistogramma cacatuoides,Double Red,Small American Cichlids,To Order,23.02,33.95
Apistogramma Agassizi double red,Apistogramma agassizi,double red,Small American Cichlids,To Order,33.33,45.81
Apistogramma Agassizi,Apistogramma agassizi,Apistogramma Agassizi,Small American Cichlids,To Order,22.18,29.9
Papilichromis ramirezi electric blue,Mikrogeophagus ramirezi,Papilichromis ramirezi electric blue,Small American Cichlids,To Order,29.9,31.11
Andinoacara pulcher neon blue,Andinoacara pulcher,neon blue,Small American Cichlids,To Order,21.53,42.92
Papiliochromis ramirezi gold long fin,Mikrogeophagus ramirezi,Papiliochromis ramirezi gold long fin,Small American Cichlids,To Order,54,54
Apistogramma sp red - point,Apistogramma,red - point,Small American Cichlids,To Order,40.7,40.7
Papiliochromis ramirezi blue red head,Mikrogeophagus ramirezi,Papiliochromis ramirezi blue red head,Small American Cichlids,To Order,29.9,39.9
Apistogramma sp. Viejeta,Apistogramma,Viejeta,Small American Cichlids,To Order,34.33,34.33
Apistogramma hongsloi,Apistogramma hongsloi,Apistogramma hongsloi,Small American Cichlids,To Order,39.9,39.9
Apistogramma borelli yellow head,Apistogramma borelli,yellow head,Small American Cichlids,To Order,22.85,22.85
Apistogramma elizabethae,Apistogramma elizabethae,Apistogramma elizabethae,Small American Cichlids,To Order,339.9,339.9
Apistogramma cacatuoides gold red,Apistogramma cacatuoides,gold red,Small American Cichlids,To Order,24.86,34.32
Papiliochromis ramirezi asia,Mikrogeophagus ramirezi,asia,Small American Cichlids,To Order,14.95,51.92
Apistogramma trifasciatum,Apistogramma trifasciatum,Apistogramma trifasciatum,Small American Cichlids,To Order,43.18,45.81
Apistogramma sp. opal,Apistogramma,opal,Small American Cichlids,To Order,31.11,33.33
Apistogramma pandourini,Apistogramma pandourini,Apistogramma pandourini,Small American Cichlids,To Order,36.42,54
Apistogramma hongsloi i red-gold,Apistogramma hongsloi,i red-gold,Small American Cichlids,To Order,72.73,99.9
Apistogramma cacatuoides orange,Apistogramma cacatuoides,orange,Small American Cichlids,To Order,22.84,34.33
Apistogramma cacatuoides,Apistogramma cacatuoides,Apistogramma cacatuoides,Small American Cichlids,To Order,22.85,31.12
Apistogramma commbrae,Apistogramma commbrae,Apistogramma commbrae,Small American Cichlids,To Order,64.82,83.14
Apistogramma Agassizi Fire Red,Apistogramma agassizi,Fire Red,Small American Cichlids,To Order,43.18,59.9
Apistogramma Borelli,Apistogramma borelli,Apistogramma Borelli,Small American Cichlids,To Order,22.85,32.36
Otocinclus Affinis,Otocinclus affinis,Otocinclus Affinis,BARBS,In Stock,12.95,12.95
Boraras Brigittae,Boraras brigittae,Boraras Brigittae,BARBS,In Stock,8.95,8.95
Barbus conchonius gold,Barbus conchonius,gold,BARBS,To Order,7.95,9.95
Crosochoilus Siamensis (SAE),Crosochoilus siamensis,SAE,BARBS,To Order,9.95,19.9
Barbus tetrazona,Barbus tetrazona,green,BARBS,In Stock,9.95,19.9
Rasbora espei,Trigonostigma espei,Rasbora espei,BARBS,In Stock,9.95,9.95
Barbus conchonius neon orange supercolor,Barbus conchonius,neon orange supercolor,BARBS,To Order,8.9,8.9
Barbus conchonius orange,Barbus conchonius,orange,BARBS,To Order,8.9,15.9
Barbus Tetrazona Platinum Green,Barbus tetrazona,Platinum Green,BARBS,To Order,15.95,26.95
Rasbora pauciperforata,Trigonopoma pauciperforatum,Rasbora pauciperforata,BARBS,To Order,14.95,14.95
Oreichthys cosuatis,Oreichthys cosuatis,Oreichthys cosuatis,BARBS,To Order,22.95,22.95
Devario sondhii,Devario sondhii,Devario sondhii,BARBS,To Order,39.9,39.9
Barbus Capoeta schuberti neon,Barbodes semifasciolatus,Barbus Capoeta schuberti neon,BARBS,To Order,14.95,14.95
Barbus titteya long fin,Barbus titteya,long fin,BARBS,To Order,19.9,19.9
Acanthocobitis botia,Paracanthocobitis botia,Acanthocobitis botia,BARBS,To Order,14.95,14.95
Barbus tetrazona gold green,Barbus tetrazona,gold green,BARBS,To Order,9.95,9.95
Tanichthys Gold,Tanichthys albonubes,Tanichthys Gold,BARBS,To Order,9.95,9.95
Rasbora trilineata,Rasbora trilineata,Rasbora trilineata,BARBS,To Order,14.95,14.95
Rasbora kalochroma,Rasbora kalochroma,Rasbora kalochroma,BARBS,To Order,19.9,19.9
Rasbora heteromorpha gold,Rasbora heteromorpha,gold,BARBS,To Order,12.95,12.95
Rasbora dorsiocellata,Rasbora dorsiocellata,Rasbora dorsiocellata,BARBS,To Order,12.95,12.95
Rasbora borapetensis,Rasbora borapetensis,Rasbora borapetensis,BARBS,To Order,12.95,12.95
Danio aequipinnatus malabaricus,Danio malabaricus,Danio aequipinnatus malabaricus,BARBS,To Order,8.95,9.95
Danio devario,Danio devario,Danio devario,BARBS,To Order,33.95,33.95
Puntius rohani,Puntius rohani,Puntius rohani,BARBS,To Order,54.95,54.95
Puntius rhomboocellatus,Puntius rhomboocellatus,Puntius rhomboocellatus,BARBS,To Order,19.9,19.9
Eirmotus octozona,Eirmotus octozona,Eirmotus octozona,BARBS,To Order,16.95,16.95
Barbus conchonius neon super color,Barbus conchonius,neon super color,BARBS,To Order,14.95,14.95
Barbus Puntius conchonius long fin,Puntius conchonius,long fin,BARBS,To Order,9.95,9.95
Barbus Puntius conchonius gold-long,Puntius conchonius,gold-long,BARBS,To Order,9.95,9.95
Barbus Capoeta oligolepis gold,Barbodes semifasciolatus,gold,BARBS,To Order,9.95,9.95
Barbus mahecola,Barbus mahecola,Barbus mahecola,BARBS,To Order,15.95,15.95
Barbus fasciolatus barilioides,Barbus fasciolatus ,Barbus fasciolatus barilioides,BARBS,To Order,19.9,19.9
Puntius denisonii,Puntius denisonii,Puntius denisonii,BARBS,To Order,52.95,149.9
Barbus tetrazona albino,Barbus tetrazona,albino,BARBS,To Order,7.95,14.95
Puntius conchonius diamant,Puntius conchonius,Puntius conchonius diamant,BARBS,To Order,7.95,9.95
Barbus titteya,Barbus titteya,Barbus titteya,BARBS,To Order,8.95,10.05
Barbus/Puntius nigrofasciatus,Puntius nigrofasciatus,Puntius nigrofasciatus,BARBS,To Order,8.95,15.95
Brachydanio frankei,Brachydanio frankei,Brachydanio frankei,BARBS,To Order,7.95,8.95
Barbus conchonius,Barbus conchonius,Barbus conchonius,BARBS,To Order,7.95,11.95
Barbus odesa,Pethia padamya,Barbus odesa,BARBS,To Order,7.95,9.95
Rasbora hengeli,Trigonostigma hengeli,Rasbora hengeli,BARBS,To Order,9.95,9.95
Tanichthys albonubes long fin,Tanichthys albonubes,long fin,BARBS,To Order,12.95,13.95
Brachydanio albolineatus,Brachydanio albolineatus,Brachydanio albolineatus,BARBS,To Order,7.95,7.95
Rasbora Heteromorpha Black,Rasbora heteromorpha,Black,BARBS,To Order,9.95,14.95
Boraras urophthalmoides,Boraras urophthalmoides,Boraras urophthalmoides,BARBS,To Order,7.95,7.95
Rasbora heteromorpha,Rasbora heteromorpha,Rasbora heteromorpha,BARBS,To Order,7.95,10.95
Microrasbora Galaxy,Danio margaritatus,Microrasbora Galaxy,BARBS,To Order,24.95,56.95
Barbus conchonius red,Barbus conchonius,red,BARBS,To Order,10.9,11.9
Barbus Capoeta tetrazona h.k.,Barbus tetrazona,Barbus Capoeta tetrazona h.k.,BARBS,To Order,8.95,8.95
Tanichthys micagemmae,Tanichthys micagemmae,Tanichthys micagemmae,BARBS,To Order,16.96,22.96
Barbus pentazona,Barbus pentazona,Barbus pentazona,BARBS,To Order,7.95,10.95
Microrasbora Erythromicon,Celestichthys erythromicron,Microrasbora Erythromicon,BARBS,To Order,14.95,14.95
Brachydanio Rerio,Brachydanio rerio,Brachydanio Rerio,BARBS,To Order,6.95,8.95
Boraras Merah,Boraras merah,Boraras Merah,BARBS,To Order,8.95,8.95
Barbus Tetrazona,Barbus tetrazona,Barbus Tetrazona,BARBS,To Order,7.95,11.95
Rasbora maculata,Boraras maculatus,Rasbora maculata,BARBS,To Order,9.95,9.95
Neomacheilus corica,Neomacheilus corica,Neomacheilus corica,BARBS,To Order,14.95,14.95
Barbus Puntius everetti,Barbus everetti,Barbus Puntius everetti,BARBS,To Order,14.95,19.9
Parambassis ranga,Parambassis ranga,Parambassis ranga,BARBS,To Order,7.95,13.95
Barbus Capoeta schuberti,Barbodes semifasciolatus,Barbus Capoeta schuberti,BARBS,To Order,8.95,10.15
Barbus melanampyx (panda),Barbus melanampyx,panda,BARBS,To Order,24.95,29.9
Danio choprai,Danio choprai,Danio choprai,BARBS,To Order,19.9,19.9
Brachydanio rerio long fin,Brachydanio rerio,long fin,BARBS,To Order,9.95,10.15
Barbus oligolepsis,Oliotius oligolepis,Barbus oligolepsis,BARBS,To Order,7.95,8.95
Tanichthys albonubes,Tanichthys albonubes,Tanichthys albonubes,BARBS,To Order,9.95,10.05
Corydoras Aeneus,Corydoras aeneus,Corydoras Aeneus,BOTTOMFEEDERS,To Order,8.33,16.66
Labeo bicolor,Epalzeorhynchos bicolor,Labeo bicolor,BOTTOMFEEDERS,To Order,10.35,21.95
Ancistrus albino,Ancistrus,Ancistrus albino,BOTTOMFEEDERS,In Stock,19.9,29.9
Corydoras Panda,Corydoras panda,Corydoras Panda,BOTTOMFEEDERS,In Stock,19.9,39.9
Corydoras Paleatus,Corydoras paleatus,Corydoras Paleatus,BOTTOMFEEDERS,In Stock,7.95,14.95
Corydoras Aeneus Albino,Corydoras aeneus,Albino,BOTTOMFEEDERS,To Order,9.95,10.93
Pelteobagrus ornatus,Hyalobagrus flavus,Pelteobagrus ornatus,BOTTOMFEEDERS,To Order,10.35,10.35
Corydoras aeneus long fin,Corydoras aeneus,long fin,BOTTOMFEEDERS,To Order,10.35,10.35
Corydoras paleatus albino,Corydoras paleatus,albino,BOTTOMFEEDERS,To Order,10.35,11.42
Corydoras mix,Corydoras aeneus,mix,BOTTOMFEEDERS,To Order,10.77,10.77
Hoplosternum Thoracatum,Hoplosternum thoracatum,Hoplosternum Thoracatum,BOTTOMFEEDERS,To Order,10.77,44.47
Corydoras paleatus braun long fin,Corydoras paleatus,braun long fin,BOTTOMFEEDERS,To Order,10.88,10.88
Corydoras pygmaeus,Corydoras pygmaeus,Corydoras pygmaeus,BOTTOMFEEDERS,To Order,10.95,10.95
Ancistrus Sp.,Ancistrus,Ancistrus,BOTTOMFEEDERS,To Order,10.35,73.51
Corydoras paleatus albin long,Corydoras paleatus,albin long,BOTTOMFEEDERS,To Order,11.89,13.62
Labeo frenatus,Epalzeorhynchos frenatum,Labeo frenatus,BOTTOMFEEDERS,To Order,11.89,14
Crossocheilus latius,Crossocheilus latius,Crossocheilus latius,BOTTOMFEEDERS,To Order,12.63,12.63
Corydoras paleatus long fin,Corydoras paleatus,long fin,BOTTOMFEEDERS,To Order,12.66,22.18
Corydoras habrosus,Corydoras habrosus,Corydoras habrosus,BOTTOMFEEDERS,To Order,12.95,12.95
Pangio kuhlii javanicus,Pangio oblonga,Pangio kuhlii javanicus,BOTTOMFEEDERS,To Order,13.62,13.62
Ancistrus sp. gold,Ancistrus,gold,BOTTOMFEEDERS,To Order,13.74,135.16
Labeo frenatus albin,Epalzeorhynchos frenatum,albin,BOTTOMFEEDERS,To Order,14.01,20.1
Botia morleti,Botia morleti,Botia morleti,BOTTOMFEEDERS,To Order,15.11,15.11
Botia histrionica sp.,Botia histrionica,Botia histrionica,BOTTOMFEEDERS,To Order,15.48,15.48
Botia striata European breeding,Botia striata,European breeding,BOTTOMFEEDERS,To Order,15.73,15.73
Botia lohachata,Botia lohachata,Botia lohachata,BOTTOMFEEDERS,To Order,15.99,22.18
Bunocephalus sp.,Bunocephalus,Bunocephalus,BOTTOMFEEDERS,To Order,19.9,29.9
Labeo frenatus European breeding,Epalzeorhynchos frenatum,European breeding,BOTTOMFEEDERS,To Order,16.6,16.6
Synodontis eupterus,Synodontis eupterus,Synodontis eupterus,BOTTOMFEEDERS,To Order,16,43.27
Corydoras sp. black venezuela,Corydoras aeneus,black venezuela,BOTTOMFEEDERS,To Order,20.71,66.24
Epalzeorhznchus kallopterus European breeding,Epalzeorhznchus kallopterus,European breeding,BOTTOMFEEDERS,To Order,20.71,20.71
Corydoras julli leopard,Corydoras julii,leopard,BOTTOMFEEDERS,To Order,21.3,36.69
Chandramara chandramara,Chandramara chandramara,Chandramara chandramara,BOTTOMFEEDERS,To Order,21.53,21.53
Crossocheilus reticulatus,Crossocheilus reticulatus,Crossocheilus reticulatus,BOTTOMFEEDERS,To Order,21.53,21.53
Corydoras nannus,Corydoras nannus,Corydoras nannus,BOTTOMFEEDERS,To Order,21.53,26.5
Hara jerdoni,Hara jerdoni,Hara jerdoni,BOTTOMFEEDERS,To Order,21.8,21.8
Microsynodontis batesii,Microsynodontis batesii,Microsynodontis batesii,BOTTOMFEEDERS,To Order,22.18,22.18
Hypostomus plecostomus,Hypostomus plecostomus,Hypostomus plecostomus,BOTTOMFEEDERS,To Order,22.18,266.7
Hypostomus plecostomus gold,Hypostomus plecostomus,gold,BOTTOMFEEDERS,To Order,22.18,50.4
Corydoras rabauti,Corydoras rabauti,Corydoras rabauti,BOTTOMFEEDERS,To Order,22.18,31.56
Pesti Corydoras elegans,Corydoras elegans,Corydoras elegans,BOTTOMFEEDERS,To Order,22.18,22.18
Platydoras costatus,Platydoras costatus,Platydoras costatus,BOTTOMFEEDERS,To Order,22.29,64.82
Eutropiellus debauwi,Pareutropius buffei,Eutropiellus debauwi,BOTTOMFEEDERS,To Order,22.91,22.91
Dianema longibarbis,Dianema longibarbis,Dianema longibarbis,BOTTOMFEEDERS,To Order,23.53,23.53
Ancistrus sp. red + black,Ancistrus,red + black,BOTTOMFEEDERS,To Order,23.78,112.11
Kryptopterus bicirrhis,Kryptopterus bicirrhis,Kryptopterus bicirrhis,BOTTOMFEEDERS,To Order,25.09,34.44
Rineloricaria microlepidogaster,Rineloricaria microlepidogaster,Rineloricaria microlepidogaster,BOTTOMFEEDERS,To Order,25.22,25.22
Synodontis nigriventris,Synodontis nigriventris,Synodontis nigriventris,BOTTOMFEEDERS,To Order,25.45,25.45
Schistura balteata,Schistura balteata,Schistura balteata,BOTTOMFEEDERS,To Order,25.96,25.96
Corydoras panda long fin,Corydoras panda,long fin,BOTTOMFEEDERS,To Order,26.95,50.08
Corydoras leucomelas,Corydoras leucomelas,Corydoras leucomelas,BOTTOMFEEDERS,To Order,30.2,30.2
Ancistrus sp. long fin,Ancistrus,long fin,BOTTOMFEEDERS,To Order,30.2,141.63
Corydoras sodalis,Corydoras sodalis,Corydoras sodalis,BOTTOMFEEDERS,To Order,30.5,30.5
Loricaria filamentosa,Loricaria filamentosa,Loricaria filamentosa,BOTTOMFEEDERS,To Order,31.11,45.81
Corydoras panda gold,Corydoras panda,gold,BOTTOMFEEDERS,To Order,32.36,32.36
Corydoras virginae,Corydoras virginae,Corydoras virginae,BOTTOMFEEDERS,To Order,32.36,41.52
Agamyxis albomaculatus,Agamyxis pectinifrons,Agamyxis albomaculatus,BOTTOMFEEDERS,To Order,32.36,51.93
Ancistrus red black long fin,Ancistrus,red black long fin,BOTTOMFEEDERS,To Order,32.51,99.9
Corydoras punctatus,Corydoras punctatus,Corydoras punctatus,BOTTOMFEEDERS,To Order,33.33,33.33
Corydoras sterbai,Corydoras sterbai,Corydoras sterbai,BOTTOMFEEDERS,To Order,34.95,34.95
Corydoras trilineatus,Corydoras trilineatus,Corydoras trilineatus,BOTTOMFEEDERS,To Order,35.3,50.9
Corydoras metae,Corydoras metae,Corydoras metae,BOTTOMFEEDERS,To Order,35.42,55.62
Rineloricaria lanceolata,Rineloricaria lanceolata,Rineloricaria lanceolata,BOTTOMFEEDERS,To Order,39.9,55.62
Corydoras napoensis,Corydoras napoensis,Corydoras napoensis,BOTTOMFEEDERS,To Order,39.9,39.9
Corydoras agassizii,Corydoras agassizii,Corydoras agassizii,BOTTOMFEEDERS,To Order,39.9,39.9
Corydoras sterbai albino,Corydoras sterbai,albino,BOTTOMFEEDERS,To Order,41.52,44.59
Botia sidthimunki,Botia sidthimunki,Botia sidthimunki,BOTTOMFEEDERS,To Order,41.52,72.74
Botia dario,Botia dario,Botia dario,BOTTOMFEEDERS,To Order,43.18,43.18
Corydoras leopardus C102,Corydoras leopardus,Corydoras leopardus C102,BOTTOMFEEDERS,To Order,43.95,43.95
Corydoras melanotaenia,Corydoras melanotaenia,Corydoras melanotaenia,BOTTOMFEEDERS,To Order,44.5,44.5
Hoplosternum thoracatum albino,Hoplosternum thoracatum,albino,BOTTOMFEEDERS,To Order,44.59,44.59
Corydoras davidsandsi,Corydoras davidsandsi,Corydoras davidsandsi,BOTTOMFEEDERS,To Order,46.82,46.82
Corydoras reticulatus,Corydoras reticulatus,Corydoras reticulatus,BOTTOMFEEDERS,To Order,49.9,49.9
Corydoras adolfoi,Corydoras adolfoi,Corydoras adolfoi,BOTTOMFEEDERS,To Order,50.9,50.9
Botia kubotai,Botia kubotai,Botia kubotai,BOTTOMFEEDERS,To Order,51.92,51.92
Stiphodon red neon sumatra goby,Stiphodon atropurpureus,red neon sumatra goby,BOTTOMFEEDERS,To Order,51.92,51.92
Ancistrus sp. gold long fin,Ancistrus,gold long fin,BOTTOMFEEDERS,To Order,51.92,219.9
Brochis Splendens,Brochis splendens,Brochis Splendens,BOTTOMFEEDERS,To Order,55.5,55.5
Corydoras melini,Corydoras melini,Corydoras melini,BOTTOMFEEDERS,To Order,55.62,55.62
Ancistrus sp. lda 16,Ancistrus,lda 16,BOTTOMFEEDERS,To Order,55.62,124.76
Ancistrus lemon l 144,Ancistrus,lemon l 144,BOTTOMFEEDERS,To Order,59.9,239.9
Corydoras barbatus,Corydoras barbatus,Corydoras barbatus,BOTTOMFEEDERS,To Order,62.33,115.42
Ancistrus sp. super red,Ancistrus,super red,BOTTOMFEEDERS,To Order,64.5,249.9
Corydoras duplicareus,Corydoras duplicareus,Corydoras duplicareus,BOTTOMFEEDERS,To Order,65.52,65.52
Corydoras venezuelanus orange,Corydoras venezuelanus,orange,BOTTOMFEEDERS,To Order,69.9,69.9
Trachelyichthys exillis,Trachelyichthys exilis,Trachelyichthys exilis,BOTTOMFEEDERS,To Order,79.9,79.9
Otocinclus cocama zebra,Otocinclus cocama,zebra,BOTTOMFEEDERS,To Order,79.9,79.9
L103 Peckoltia sp.,Peckoltia,L103,BOTTOMFEEDERS,To Order,79.9,79.9
Synodontis pardalis,Synodontis pardalis,Synodontis pardalis,BOTTOMFEEDERS,To Order,83.14,83.14
Farlowella acus,Farlowella vittata,Farlowella acus,BOTTOMFEEDERS,To Order,83.14,132.51
Corydoras aeneus peru gold strip,Corydoras aeneus,peru gold strip,BOTTOMFEEDERS,To Order,86.46,86.46
Ancistrus sp. super red long fin,Ancistrus,super red long fin,BOTTOMFEEDERS,To Order,93.71,132.51
Ancistrus sp. orange,Ancistrus,orange,BOTTOMFEEDERS,To Order,103.95,239.9
Tatia perugiae,Centromochlus perugiae,Tatia perugiae,BOTTOMFEEDERS,To Order,122.31,122.31
Synodontis multipunctatus sp. silver,Synodontis multipunctatus,silver,BOTTOMFEEDERS,To Order,124.76,124.76
Synodontis petricola,Synodontis petricola,Synodontis petricola,BOTTOMFEEDERS,To Order,132.51,132.51
Corydoras seussi,Corydoras seussi,Corydoras seussi,BOTTOMFEEDERS,To Order,135.16,135.16
Ancistrus hoplogenys,Ancistrus dolichopterus,Ancistrus dolichopterus,BOTTOMFEEDERS,To Order,135.16,135.16
Corydoras sp. green laser CW009,Corydoras aeneus,green laser CW009,BOTTOMFEEDERS,To Order,136.64,136.64
Synodontis brichardi,Synodontis brichardi,Synodontis brichardi,BOTTOMFEEDERS,To Order,152.91,152.91
Corydoras fowleri,Corydoras fowleri,Corydoras fowleri,BOTTOMFEEDERS,To Order,163.11,163.11
Brochis multiradiatus,Corydoras multiradiatus,Brochis multiradiatus,BOTTOMFEEDERS,To Order,163.11,163.11
L034 Ancistrus ranunculus,Ancistrus ranunculus,L034,BOTTOMFEEDERS,To Order,176.78,176.78
Corydoras weitzmani,Corydoras weitzmani,Corydoras weitzmani,BOTTOMFEEDERS,To Order,176.78,212
Ancistrus lemon long fin l144,Ancistrus,lemon long fin l144,BOTTOMFEEDERS,To Order,179.9,183.85
Corydoras burgessi,Corydoras burgessi,Corydoras burgessi,BOTTOMFEEDERS,To Order,209.9,209.9
L202 Peckoltia lineola,Peckoltia,L202,BOTTOMFEEDERS,To Order,229.9,229.9
L147 Peckoltia sp.,Peckoltia,L147,BOTTOMFEEDERS,To Order,229.9,229.9
Corydoras sp. green fluorescens,Corydoras aeneus,green fluorescens,BOTTOMFEEDERS,To Order,305.93,305.93
Corydoras robustus,Corydoras robustus,Corydoras robustus,BOTTOMFEEDERS,To Order,343.3,343.3
Brachygobius xanthozona,Brachygobius doriae,Brachygobius xanthozona,OTHER,In Stock,12.18,10.35
Badis badis,Badis badis,Badis badis,OTHER,In Stock,20.3,20.3
Acanthophthalmus kuhli,Acanthophthalmus kuhli,Acanthophthalmus kuhli,OTHER,To Order,9.95,13.99
Garra rufa,Garra rufa,Garra rufa,OTHER,To Order,10.15,69.9
Dermogenys pusillus white,Dermogenys pusilla,white,OTHER,To Order,11.89,11.89
Dermogenys pusillus,Dermogenys pusilla,Dermogenys pusillus,OTHER,To Order,12.5,12.5
Pangio kuhlii javanicus,Pangio semicincta,Pangio kuhlii javanicus,OTHER,To Order,13.62,13.62
Pseudocrenilabrus multicolor,Pseudocrenilabrus multicolor,Pseudocrenilabrus multicolor,OTHER,To Order,13.81,13.81
Yunnanilus cruciatus,Yunnanilus cruciatus,Yunnanilus cruciatus,OTHER,To Order,16.22,16.22
Dermogenys sp. silver,Dermogenys pusilla,silver,OTHER,To Order,20.1,20.1
Tateurndina ocellicauda,Tateurndina ocellicauda,Tateurndina ocellicauda,OTHER,To Order,20.71,20.71
Chamidogobius eremius,Chamidogobius eremius,Chamidogobius eremius,OTHER,To Order,21.95,21.95
Stiphodon sp. undio blue,Stiphodon atropurpureus,Stiphodon sp. undio blue,OTHER,To Order,24.99,24.99
Chamidogobius eremius gold,Chamidogobius eremius,gold,OTHER,To Order,32.36,32.36
Pantodon buchholzi,Pantodon buchholzi,Pantodon buchholzi,OTHER,To Order,51.92,51.92
Telmatherina ladigesi,Marosatherina ladigesi,Telmatherina ladigesi,RAINBOWFISH,To Order,10.15,15.61
Bedotia geayi,Bedotia madagascarensis,Bedotia geayi,RAINBOWFISH,To Order,10.35,10.35
Pesti Melanotaenia Praecox,Melanotaenia praecox,Melanotaenia Praecox,RAINBOWFISH,To Order,11.89,26.89
Popondetta furcata,Pseudomugil furcatus,Popondetta furcata,RAINBOWFISH,To Order,12.18,12.18
Melanotaenia maccullochi,Melanotaenia maccullochi,Melanotaenia maccullochi,RAINBOWFISH,To Order,16.95,16.95
Melanotaenia herbertaxelrodi,Melanotaenia herbertaxelrodi,Melanotaenia herbertaxelrodi,RAINBOWFISH,To Order,18.95,32.95
Melanotaenia Boesemani,Melanotaenia boesemani,Melanotaenia Boesemani,RAINBOWFISH,To Order,20.3,32.51
Chilatherina bleheri,Chilatherina bleheri,Chilatherina bleheri,RAINBOWFISH,To Order,22.18,26.5
Pseudomugil sp. Red Neon,Pseudomugil furcatus,Red Neon,RAINBOWFISH,To Order,22.18,22.18
Melanotaenia trifasciata,Melanotaenia trifasciata,Melanotaenia trifasciata,RAINBOWFISH,To Order,22.18,26.63
Melanotaenia Lacustris,Melanotaenia Lacustris,Melanotaenia Lacustris,RAINBOWFISH,To Order,23.78,29.9
Melanotenia boesemani Red,Melanotaenia boesemani,Red,RAINBOWFISH,To Order,23.95,23.95
Melanotaenia splendida rubrostria,Melanotaenia splendida rubrostriata,Melanotaenia splendida rubrostria,RAINBOWFISH,To Order,29.9,39.9
Pseudomugil gertrudae (Spotted Blue-Eye),Pseudomugil gertrudae,Spotted Blue-Eye,RAINBOWFISH,To Order,30.5,30.5
Melanoteania papuensis,Melanoteania papuensis,Melanoteania papuensis,RAINBOWFISH,To Order,32.36,54
Melanotaenia Parkinsoni,Melanotaenia parkinsoni,Melanotaenia Parkinsoni,RAINBOWFISH,To Order,32.36,51.93
Melanoteania australis super red,Melanotaenia australis,super red,RAINBOWFISH,To Order,33.63,43.18
Pseudomugil signifer Pacific Blue-Eye,Pseudomugil signifer,Pacific Blue-Eye,RAINBOWFISH,To Order,34.29,34.29
Pelmatochromis thomasi,Anomalochromis thomasi,Pelmatochromis thomasi,Small African Cichlids,To Order,9.95,19.9
Pelvicachromis pulcher,Pelvicachromis pulcher,Pelvicachromis pulcher,Small African Cichlids,To Order,10.35,20.7
Pelvicachromis pulcher albin (red),Pelvicachromis pulcher,albin (red),Small African Cichlids,To Order,29.9,29.9
Pelvicachromis pulcher gold-albino,Pelvicachromis pulcher,gold-albino,Small African Cichlids,To Order,32.36,32.36
Steatocranus tinanti,Steatocranus tinanti,Steatocranus tinanti,Small African Cichlids,To Order,33.33,90.8
Chromidotilapia guntheri,Chromidotilapia guntheri,Chromidotilapia guntheri,Small African Cichlids,To Order,42.32,42.32
Pelvicachromis taeniatus niger. red,Pelvicachromis taeniatus,niger. red,Small African Cichlids,To Order,43.95,52.95
Pelvicachromis super red,Pelvicachromis pulcher,super red,Small African Cichlids,To Order,44.47,59.9
Pelvicachromis taeniatus niger green,Pelvicachromis taeniatus,niger green,Small African Cichlids,To Order,44.96,44.96
Nanochromis transverstitus,Nanochromis transverstitus,Nanochromis transverstitus,Small African Cichlids,To Order,49.9,66.95
Nanochromis nudiceps,Nanochromis nudiceps,Nanochromis nudiceps,Small African Cichlids,To Order,51.92,66.11
Pelvicachromis taeniatus nange,Pelvicachromis taeniatus,nange,Small African Cichlids,To Order,54,54
Pelvicachromis taeniatus molive,Pelvicachromis taeniatus,molive,Small African Cichlids,To Order,56.48,101.91
Nanochromis parilus,Nanochromis parilus,Nanochromis parilus,Small African Cichlids,To Order,61.1,114.35
Pelvicachromis subocelatus matadi,Pelvicachromis subocellatus,matadi,Small African Cichlids,To Order,64.82,64.82
Pelvicachromis taeniatus nyete,Pelvicachromis taeniatus,nyete,Small African Cichlids,To Order,69.9,69.9
Pelvicachromis taeniatus kienke,Pelvicachromis taeniatus,kienke,Small African Cichlids,To Order,101.91,101.91
Pelvicachromis taeniatus locoundie,Pelvicachromis taeniatus,locoundie,Small African Cichlids,To Order,103.95,103.95
Pelvicachromis taeniatus ogele,Pelvicachromis taeniatus,ogele,Small African Cichlids,To Order,112.11,112.11
Pelvicachromis taeniatus lobe,Pelvicachromis taeniatus,lobe,Small African Cichlids,To Order,115.42,115.42
Hyphessobrycon amandae,Hyphessobrycon amandae,Hyphessobrycon amandae,TETRA,In Stock,9.95,9.95
Pristella maxillaris riddlei,Pristella maxillaris riddlei,Pristella maxillaris riddlei,TETRA,To Order,5.95,5.95
Ruby Tetra Axelrodia riesei,Axelrodia riesei,Ruby Tetra,TETRA,To Order,6.95,6.95
Gymnocorymbus ternetzi,Gymnocorymbus ternetzi,Gymnocorymbus ternetzi,TETRA,To Order,6.95,12.95
Moenkhausia columbiana red-blue,Moenkhausia columbiana,red-blue,TETRA,To Order,7.95,11.95
Hemigrammus ocellifer,Hemigrammus ocellifer,Hemigrammus ocellifer,TETRA,To Order,7.95,7.95
Hemigrammus rhodostomus CB,Hemigrammus rhodostomus,CB,TETRA,To Order,7.95,19.9
Nannostomus beckfordi,Nannostomus beckfordi,Nannostomus beckfordi,TETRA,To Order,7.95,7.95
Moenkhausia sanctaefilomenae,Moenkhausia sanctaefilomenae,Moenkhausia sanctaefilomenae,TETRA,To Order,7.95,12.95
Aphyocharax anisitsi /rubripinni,Aphyocharax anisitsi,Aphyocharax anisitsi /rubripinni,TETRA,To Order,7.95,16.95
Hyphessobrycon flammeus,Hyphessobrycon flammeus,Hyphessobrycon flammeus,TETRA,To Order,7.95,9.95
Paracheirodon Innesi neon clasic,Paracheirodon innesi,neon clasic,TETRA,To Order,7.95,10.77
Thayeria boehlkei,Thayeria boehlkei,Thayeria boehlkei,TETRA,To Order,7.95,12.95
Thayeria boehlkei ballon,Thayeria boehlkei,ballon,TETRA,To Order,8.95,8.95
Paracheirodon innesi gold,Paracheirodon innesi,gold,TETRA,To Order,8.95,8.95
Inpaichthys kerri superblue,Inpaichthys kerri,superblue,TETRA,To Order,8.95,12.95
Inpaichthys kerri,Inpaichthys kerri,Inpaichthys kerri,TETRA,To Order,8.95,11.95
Hyphessobrycon herbertaxelrodi (Neon Negru),Hyphessobrycon herbertaxelrodi,Neon Negru,TETRA,To Order,8.95,10.15
Hyphessobrycon flammeus yellow,Hyphessobrycon flammeus,yellow,TETRA,To Order,8.95,8.95
Hemigrammus hyanuary,Hemigrammus hyanuary,Hemigrammus hyanuary,TETRA,To Order,8.95,8.95
Hemigrammus caudovittatus gold,Hemigrammus caudovittatus,gold,TETRA,To Order,8.95,9.95
Gymnocorymbus ternetzi gold,Gymnocorymbus ternetzi,gold,TETRA,To Order,8.95,8.95
Hyphessobrycon callistus,Hyphessobrycon callistus,Hyphessobrycon callistus,TETRA,To Order,8.95,11.87
Hemigrammus caudovittatus,Hemigrammus caudovittatus,Hemigrammus caudovittatus,TETRA,To Order,8.95,9.95
Hemigrammus erythrozonus/gracil,Hemigrammus erythrozonus,Hemigrammus erythrozonus/gracil,TETRA,To Order,8.95,10.15
Paracheirodon innesi diamant,Paracheirodon innesi,diamant,TETRA,To Order,8.95,14.95
Nannostomus beckfordi red,Nannostomus beckfordi,red,TETRA,To Order,9.95,9.95
Hyphessobrycon flammeus diamant,Hyphessobrycon flammeus,diamant,TETRA,To Order,9.95,9.95
Hyphessobrycon ecuadoriensis,Hyphessobrycon ecuadoriensis,Hyphessobrycon ecuadoriensis,TETRA,To Order,9.95,9.95
Pristella maxillaris riddlei gold,Pristella maxillaris riddlei,gold,TETRA,To Order,9.95,9.95
Hyphessobrycon pulchripinnis,Hyphessobrycon pulchripinnis,Hyphessobrycon pulchripinnis,TETRA,To Order,9.95,9.95
Hyphessobrycon flammeus orange,Hyphessobrycon flammeus,orange,TETRA,To Order,9.95,12.95
Hyphessobrycon bentosi ornatus,Hyphessobrycon bentosi ornatus,Hyphessobrycon bentosi ornatus,TETRA,To Order,9.95,10.77
Hemmigramus erythrozonus albino,Hemigrammus erythrozonus,albino,TETRA,To Order,9.95,9.95
Gymnocorymbus ternetzi gold l. f.,Gymnocorymbus ternetzi,gold l. f.,TETRA,To Order,9.95,9.95
Megalamphodus megalopterus,Megalamphodus megalopterus,Megalamphodus megalopterus,TETRA,To Order,9.95,16.95
Prionobrama filigera,Prionobrama filigera,Prionobrama filigera,TETRA,To Order,9.95,12.95
Megalamphodus sweglesi,Megalamphodus sweglesi,Megalamphodus sweglesi,TETRA,To Order,9.95,16.95
Hasemania Nana / marginata,Hasemania nana,Hasemania Nana / marginata,TETRA,To Order,9.95,10.35
Nematobrycon Palmeri,Nematobrycon palmeri,Nematobrycon Palmeri,TETRA,To Order,9.95,15.95
Nematobrycon palmeri black,Nematobrycon palmeri,black,TETRA,To Order,10.95,10.95
Paracheirodon innesi yellow,Paracheirodon innesi,yellow,TETRA,To Order,10.95,12.95
Paracheirodon Axelrodi neon rosu,Paracheirodon axelrodi,neon rosu,TETRA,To Order,12.95,17.5
Moenkhausia pittieri,Moenkhausia pittieri,Moenkhausia pittieri,TETRA,To Order,12.95,19.9
Hyphessobrycon sp. red blue Peru,Hyphessobrycon eques,red blue Peru,TETRA,To Order,12.95,12.95
Hyphessobrycon bentosi white fin,Hyphessobrycon bentosi,white fin,TETRA,To Order,12.95,19.9
Phenacogrammus interruptus,Phenacogrammus interruptus,Phenacogrammus interruptus,TETRA,To Order,12.95,35.95
Boehlkea fredcochui,Boehlkea fredcochui,Boehlkea fredcochui,TETRA,To Order,12.95,12.95
Hemigrammus rodwayi,Hemigrammus rodwayi,Hemigrammus rodwayi,TETRA,To Order,14.95,14.95
Hyphessobrycon callistus long fin,Hyphessobrycon callistus,long fin,TETRA,To Order,14.95,14.95
Hyphessobrycon elachys,Hyphessobrycon elachys,Hyphessobrycon elachys,TETRA,To Order,14.95,14.95
Aphyocharax rathbuni,Aphyocharax rathbuni,Aphyocharax rathbuni,TETRA,To Order,14.95,14.95
Nannostomus marginatus,Nannostomus marginatus,Nannostomus marginatus,TETRA,To Order,14.95,19.9
Moenkhausia columbiana gold,Moenkhausia columbiana,gold,TETRA,To Order,15.95,15.95
Phenacogrammus aurantiacus,Phenacogrammus aurantiacus,Phenacogrammus aurantiacus,TETRA,To Order,16.95,16.95
Megalamphodus sweglesi albino yellow,Megalamphodus sweglesi,albino yellow,TETRA,To Order,16.95,16.95
Neon Verde - Paracheirodon simulans,Paracheirodon simulans,Neon Verde,TETRA,To Order,16.95,16.95
Hyphessobrycon amapaensis,Hyphessobrycon amapaensis,Hyphessobrycon amapaensis,TETRA,To Order,19.9,19.9
Hyphessobrycon loretoensis,Hyphessobrycon loretoensis,Hyphessobrycon loretoensis,TETRA,To Order,19.9,19.9
Hemigrammus rhodostomus brilliant head,Hemigrammus rhodostomus,brilliant head,TETRA,To Order,19.9,19.9
Chilodus punctatus,Chilodus punctatus,Chilodus punctatus,TETRA,To Order,19.9,19.9
Cheirodon axelrodi gold,Cheirodon axelrodi,gold,TETRA,To Order,19.9,19.9
Hemigrammus rhodostomus gold,Hemigrammus rhodostomus,gold,TETRA,To Order,19.9,19.9
Carnegiella Marthae,Carnegiella marthae,Carnegiella Marthae,TETRA,To Order,19.9,19.9
Carnegiella Strigata,Carnegiella strigata,Carnegiella Strigata,TETRA,To Order,21.95,21.95
Hyphessobrycon roberti,Hyphessobrycon roberti,Hyphessobrycon roberti,TETRA,To Order,24.95,24.95
Alestopetersius smykalai,Alestopetersius smykalai,Alestopetersius smykalai,TETRA,To Order,26.95,26.95
Hyphessobrycon wadai,Hyphessobrycon wadai,Hyphessobrycon wadai,TETRA,To Order,28.95,28.95
Notropsis chrosomus,Notropsis chrosomus,Notropsis chrosomus,TETRA,To Order,29.9,29.9
Crenuchus spilurus,Crenuchus spilurus,Crenuchus spilurus,TETRA,To Order,29.9,29.9
Thoracocharax stella,Thoracocharax stella,Thoracocharax stella,TETRA,To Order,32.95,32.95
Hemigrammus rubrostriatus,Hemigrammus rubrostriatus,Hemigrammus rubrostriatus,TETRA,To Order,33.95,33.95
Hyphessobrycon erythrostigma,Hyphessobrycon erythrostigma,Hyphessobrycon erythrostigma,TETRA,To Order,34.95,39.9
Arnoldichthys spilopterus,Arnoldichthys spilopterus,Arnoldichthys spilopterus,TETRA,To Order,49.9,49.9
Nannostomus mortenthaleri,Nannostomus mortenthaleri,Nannostomus mortenthaleri,TETRA,To Order,79.95,79.95
Oryzias latipes spot,Oryzias latipes,spot,KILLI,In Stock,29.9,29.9
Epiplatys grahami,Epiplatys grahami,Epiplatys grahami,KILLI,To Order,10.35,10.35
Aphyosemion cinnamomeum,Aphyosemion cinnamomeum,Aphyosemion cinnamomeum,KILLI,To Order,10.35,10.35
Aphyosemion marmoratum,Aphyosemion marmoratum,Aphyosemion marmoratum,KILLI,To Order,11.42,11.42
Aphyosemion scheeli,Fundulopanchax scheeli,Aphyosemion scheeli,KILLI,To Order,11.42,11.42
Aplocheilichthys normani,Aplocheilichthys normani,Aplocheilichthys normani,KILLI,To Order,11.42,11.42
Pachypanchax playfairii,Pachypanchax playfairii,Pachypanchax playfairii,KILLI,To Order,11.89,11.89
Aplocheilus blockii,Aplocheilus blockii,Aplocheilus blockii,KILLI,To Order,11.9,11.9
Aphyosemion gardneri mirabile,Fundulopanchax gardneri,mirabile,KILLI,To Order,12.64,12.64
Aphyosemion gabunense,Aphyosemion gabunense,Aphyosemion gabunense,KILLI,To Order,12.66,12.66
Epiplatys dageti,Epiplatys dageti,Epiplatys dageti,KILLI,To Order,13.13,13.13
Oryzias Melastigma,Oryzias dancena,Oryzias Melastigma,KILLI,To Order,13.95,13.95
Aphyosemion gardneri akure,Fundulopanchax gardneri,akure,KILLI,To Order,14.75,14.75
Aplocheilus lineatus,Aplocheilus lineatus,Aplocheilus lineatus,KILLI,To Order,15.24,15.24
Oryzias woworae,Oryzias woworae,Oryzias woworae,KILLI,To Order,15.43,50.4
Nothobranchius guentheri blue,Nothobranchius guentheri,blue,KILLI,To Order,16.03,16.03
Aphyosemion walkeri,Fundulopanchax walkeri,Aphyosemion walkeri,KILLI,To Order,16.77,16.77
Pachypanchax omalonotus,Pachypanchax omalonotus,Pachypanchax omalonotus,KILLI,To Order,16.79,16.79
Aplocheilus lineatus gold,Aplocheilus lineatus,gold,KILLI,To Order,16.84,16.84
Aphyosemion australe/hjersseni,Aphyosemion australe,Aphyosemion australe,KILLI,To Order,19.9,19.9
Aphyosemion gardneri,Fundulopanchax gardneri,Aphyosemion gardneri,KILLI,To Order,19.9,23.99
Nothobranchius guentheri gold,Nothobranchius guentheri,gold,KILLI,To Order,20.1,20.1
Aphyosemion gardneri gold,Fundulopanchax gardneri,gold,KILLI,To Order,20.17,20.17
Aphyosemion gardneri green,Fundulopanchax gardneri,green,KILLI,To Order,20.3,20.3
Aphyosemion australe,Aphyosemion australe,Aphyosemion australe,KILLI,To Order,20.71,20.71
Nothobranchius foerschi,Nothobranchius foerschi,Nothobranchius foerschi,KILLI,To Order,20.71,20.71
Aphyosemion sjoestedti,Fundulopanchax sjoestedti,Aphyosemion sjoestedti,KILLI,To Order,21.53,21.53
Aphyosemion australe cap esterias,Aphyosemion australe,cap esterias,KILLI,To Order,21.53,21.53
Oryzias latipes white black,Oryzias latipes,white black,KILLI,To Order,21.95,21.95
Nothobranchius guentheri,Nothobranchius guentheri,Nothobranchius guentheri,KILLI,To Order,22.18,22.18
Aphyosemion bivittatum,Aphyosemion bivittatum,Aphyosemion bivittatum,KILLI,To Order,22.18,22.18
Pseudepiplatys annulatus 1.0 -1.5 cm,Epiplatys annulatus,1.0 -1.5 cm,KILLI,To Order,22.62,22.62
Aphyosemion walkeri red,Fundulopanchax walkeri,red,KILLI,To Order,23.79,23.79
Oryzias latipes orange black,Oryzias latipes,orange black,KILLI,To Order,24.99,24.99
Cynolebias nigripinnis,Cynolebias nigripinnis,Cynolebias nigripinnis,KILLI,To Order,24.99,24.99
Aphyosemion australe gold,Aphyosemion australe,gold,KILLI,To Order,26.95,26.95
Oryzias latipes Gold-Medaka,Oryzias latipes,Gold-Medaka,KILLI,To Order,29.9,29.9
Oryzias latipes orange,Oryzias latipes,orange,KILLI,To Order,29.9,29.9
Oryzias latipes green,Oryzias latipes,green,KILLI,To Order,29.9,29.9
Nematolebias papiliferus Inoa,Simpsonichthys myersi,Inoa,KILLI,To Order,31.11,31.11
Aphyosemion celiae Teke,Aphyosemion celiae,Teke,KILLI,To Order,31.11,31.11
Nothobranchius eggersi,Nothobranchius eggersi,Nothobranchius eggersi,KILLI,To Order,33.33,33.33
Nothobranchius eggersi blue,Nothobranchius eggersi,blue,KILLI,To Order,33.33,33.33
Oryzias latipes red white,Oryzias latipes,red white,KILLI,To Order,40.3,40.3
Betta Splendens Femela,Betta splendens,Femela,BETTA,To Order,11.42,21.53
Betta splendens female super delta tail MIX,Betta splendens,female super delta tail MIX,BETTA,In Stock,22.95,22.95
Betta splendens SuperDelta big ear F,Betta splendens,SuperDelta big ear F,BETTA,In Stock,26.95,26.95
Betta Imbellis,Betta imbellis,Betta Imbellis,BETTA,In Stock,29.9,29.9
Betta splendens halfmoon Femela,Betta splendens,halfmoon Femela,BETTA,In Stock,59.9,59.9
Betta spl.male halfmoon dragon mix,Betta splendens,male halfmoon dragon mix,BETTA,In Stock,73.68,73.68
Betta splendens Libby M mix,Betta splendens,Libby M mix,BETTA,To Order,19.9,21.9
Betta Splendens M blue,Betta splendens,M blue,BETTA,To Order,19.9,19.9
Betta splendens cambodian M,Betta splendens,cambodian M,BETTA,To Order,20.71,20.71
Betta splendens M Rosu XL,Betta splendens,M Rosu XL,BETTA,To Order,22.85,22.85
Betta splendens albino M,Betta splendens,albino M,BETTA,To Order,24.95,24.95
Betta splendens green M,Betta splendens,green M,BETTA,To Order,24.95,24.95
Betta Splendens alb M,Betta splendens,alb M,BETTA,To Order,29.9,29.9
Betta Plakat Big Ears Female Mix,Betta splendens,Plakat Big Ears Female Mix,BETTA,To Order,31.95,31.95
Betta Plakat Female Mix,Betta splendens,Plakat Female Mix,BETTA,To Order,31.99,31.99
Betta spl. male crowntail mix,Betta splendens,male crowntail mix,BETTA,To Order,32.36,32.36
Betta splendens male crowntail red,Betta splendens,male crowntail red,BETTA,To Order,33.81,33.81
Betta splendens male crowntail green,Betta splendens,male crowntail green,BETTA,To Order,33.81,33.81
Betta splendens crowntail blue mascul,Betta splendens,crowntail blue mascul,BETTA,To Order,33.81,33.81
Betta splendens SuperDelta big ear Mascul,Betta splendens,SuperDelta big ear Mascul,BETTA,To Order,36,36
Betta spl. male crowntail fancy diferite culori,Betta splendens,male crowntail fancy diferite culori,BETTA,To Order,39.95,39.95
Betta splendens super delta M mix(poate varia coloritul),Betta splendens,super delta M mix(poate varia coloritul),BETTA,To Order,45.95,45.95
Betta splendens m double tail mix,Betta splendens,m double tail mix,BETTA,To Order,46.95,46.95
Betta splendens crowntail black M,Betta splendens,crowntail black M,BETTA,To Order,49.9,49.9
Betta SuperDelta dragon Mascul,Betta splendens,SuperDelta dragon Mascul,BETTA,To Order,53,53
Betta halfmoon plakat mix Mascul,Betta splendens,halfmoon plakat mix Mascul,BETTA,To Order,53,53
Betta splendens SuperDelta white M,Betta splendens,SuperDelta white M,BETTA,To Order,55.99,55.99
Betta splendens male DoubleTail blue,Betta splendens,male DoubleTail blue,BETTA,To Order,59.9,59.9
Betta splendens giant,Betta splendens,giant,BETTA,To Order,59.9,59.9
Betta spl. mascul crowntail white (Alb),Betta splendens,mascul crowntail white (Alb),BETTA,To Order,59.95,59.95
Betta spl. male short fin,Betta splendens,male short fin,BETTA,To Order,63.99,63.99
Betta splendens male DoubleTail white,Betta splendens,male DoubleTail white,BETTA,To Order,65.58,65.58
Betta spl.male dragon plakat mix,Betta splendens,male dragon plakat mix,BETTA,To Order,73.68,73.68
Betta plakat elephant ear,Betta splendens,plakat elephant ear,BETTA,To Order,73.95,73.95
Betta Splendens Halfmoon M mix(poate varia coloritul),Betta splendens,Halfmoon M mix(poate varia coloritul),BETTA,To Order,74.95,74.95
Betta spl. Mascul plakat halfmoon yellow L,Betta splendens,Mascul plakat halfmoon yellow L,BETTA,To Order,84.5,84.5
Betta spl. plakat hellboy red Mascul XL,Betta splendens,plakat hellboy red Mascul XL,BETTA,To Order,84.5,84.5
Betta spl. plakat hellboy yellow Mascul XL,Betta splendens,plakat hellboy yellow Mascul XL,BETTA,To Order,84.5,84.5
Betta spl. veiltail nemo XL Mascul,Betta splendens,veiltail nemo XL Mascul,BETTA,To Order,88.9,88.9
Betta Halfmoon Mustard Male,Betta splendens,Halfmoon Mustard Male,BETTA,To Order,89.9,89.9
Betta simorum,Betta simorum,Betta simorum,BETTA,To Order,90,90
Betta Splendens Male Halfmoon Red,Betta splendens,Male Halfmoon Red,BETTA,To Order,93.54,93.54
Betta splendens halfmoon lavender mascul,Betta splendens,halfmoon lavender mascul,BETTA,To Order,93.9,93.9
Betta splendens halfmoon butterfly mascul,Betta splendens,halfmoon butterfly mascul,BETTA,To Order,93.9,93.9
Betta splendens mascul Superdelta Butterfly XL,Betta splendens,mascul Superdelta Butterfly XL,BETTA,To Order,93.95,93.95
Betta spl. male giant A grade,Betta splendens,male giant A grade,BETTA,To Order,95,95
Peste Betta Splendens Mascul Halfmoon Big Ears XL,Betta splendens,Mascul Halfmoon Big Ears XL,BETTA,To Order,99.9,99.9
Peste Betta Splendens Giant Nemo femela,Betta splendens,Giant Nemo femela,BETTA,To Order,104.95,104.95
Betta giant koi mascul,Betta splendens,giant koi mascul,BETTA,To Order,123,123
Betta Nemo long tail mascul,Betta splendens,Nemo long tail mascul,BETTA,To Order,124.95,124.95
Betta splendens F Wild Alien blue,Betta splendens,F Wild Alien blue,BETTA,To Order,131.95,131.95
Betta spl. male giant nemo,Betta splendens,male giant nemo,BETTA,To Order,135,135
Peste Betta Splendens Mascul Plakat koi L,Betta splendens,Mascul Plakat koi L,BETTA,To Order,139.9,139.9
Betta splendens wild red female,Betta splendens,wild red female,BETTA,To Order,147,147
Betta splendens wild red male,Betta splendens,wild red male,BETTA,To Order,189.9,189.9
Betta splendens dragon mix M,Betta splendens,dragon mix M,BETTA,To Order,189.9,189.9
Betta foerschi 1-1 pairs,Betta foerschi,1-1 pairs,BETTA,To Order,285.53,285.53
Trichogaster trichopterus sumatranus,Trichogaster trichopterus,sumatranus,GOURAMI,To Order,8.95,34.95
Trichopsis pumilus,Trichopsis pumilus,Trichopsis pumilus,GOURAMI,To Order,9.95,9.95
Trichogaster trichopterus gold,Trichogaster trichopterus,gold,GOURAMI,To Order,9.95,19.9
Trichogaster trichopterus trichop,Trichogaster trichopterus,trichop,GOURAMI,To Order,10.35,10.35
Trichogaster trichopterus cosby,Trichogaster trichopterus,cosby,GOURAMI,To Order,10.35,20.1
Trichogaster trichopterus cosby red gold,Trichogaster trichopterus,cosby red gold,GOURAMI,To Order,11.15,11.15
Trichogaster leeri,Trichogaster leeri,Trichogaster leeri,GOURAMI,To Order,12.07,22.18
Trichogaster Trichopterus Silver,Trichogaster trichopterus,Silver,GOURAMI,To Order,12.35,12.35
Trichopsis vittatus,Trichopsis vittatus,Trichopsis vittatus,GOURAMI,To Order,12.45,12.45
Trichogaster trichopterus mix,Trichogaster trichopterus,mix,GOURAMI,To Order,10.35,22.42
Colisa lalia,Trichogaster lalius,Colisa lalia,GOURAMI,To Order,14.95,24
Colisa labiosa orange,Trichogaster labiosa,orange,GOURAMI,To Order,14.99,14.99
Colisa lalia red (Red Dwarf Gourami),Trichogaster lalius,Red Dwarf Gourami,GOURAMI,To Order,15.95,15.95
Colisa sota wild (salbatic),Trichogaster chuna,wild,GOURAMI,To Order,16.95,16.95
Colisa Chuna Red,Trichogaster chuna,Red,GOURAMI,To Order,16.95,22.95
Colisa sota gold dwarf,Trichogaster chuna,gold dwarf,GOURAMI,To Order,19.95,19.95
Trichogaster trichopterus silver platinum,Trichogaster trichopterus,silver platinum,GOURAMI,To Order,20.3,20.3
Sphaerichthys selatanensis,Sphaerichthys selatanensis,Sphaerichthys selatanensis,GOURAMI,To Order,22.42,22.42
Colisa lalia mix female,Trichogaster lalius,mix female,GOURAMI,To Order,22,22
Colisa Lalia Rainbow mix,Trichogaster lalius,Rainbow mix,GOURAMI,To Order,24.11,24.11
Colisa lalia blood red male,Trichogaster lalius,blood red male,GOURAMI,To Order,24.95,24.95
Colisa Lalia Rosu,Trichogaster lalius,Rosu,GOURAMI,To Order,26.95,26.95
Colisa Lalia Cobalt Blue,Trichogaster lalius,Cobalt Blue,GOURAMI,To Order,32.95,32.95
Colisa Lalia NeonDwarf,Trichogaster lalius,NeonDwarf,GOURAMI,To Order,29.9,32.95
Colisa fasciata,Trichogaster fasciata,Colisa fasciata,GOURAMI,To Order,34.99,34.99
Sphaerichthys vaillanti choco,Sphaerichthys vaillanti,choco,GOURAMI,To Order,44.47,44.47